candidate_id,favorite_id,run_kind,adx,profile,trades,pnl,pf,wr,dd_abs,long_trades,short_trades,long_pnl,short_pnl,long_pf,short_pf,gap,high_mfe_high,high_mfe_low,signal_exit_winners,signal_exit_giveback_failures,sl_low_mfe,sl_bad,branch,setup,trades_initial,trades_delta,pnl_initial,pnl_delta,pf_initial,pf_delta,wr_initial,wr_delta,dd_abs_initial,dd_abs_delta,long_pf_initial,long_pf_delta,short_pf_initial,short_pf_delta,gap_initial,gap_delta,trades_ratio,pf_improved,pnl_improved,gap_ok,trades_preserved,dd_not_much_worse,usable,score
phase3b_old_strict_base_6_14_adx40_runner_no_signal_fee04,old_strict_base_6_14,managed,40.0,runner_no_signal,11,-639.219571428573,0.20409644410770098,18.181818181818183,6.3921957142857195,8,3,-563.460600000001,-75.75897142857195,0.17580159813517715,0.36598156548918626,0.1901799673540091,,,,,,,historical_strict,base w12/r14/lb20 + base SL6/TP14,138,-127,2639.3666259281977,-3278.5861973567708,1.357132147028444,-1.1530357029207432,40.57971014492754,-22.397891963109355,11.175043077104775,-4.782847362819055,1.223430578011057,-1.04762897987588,1.5853111909017177,-1.2193296254125314,0.36188061289066065,-0.17170064553665154,0.07971014492753623,False,False,True,False,True,False,-118.5821564894311
phase3b_old_strict_base_6_14_adx40_runner_rsi85_15_fee04,old_strict_base_6_14,managed,40.0,runner_rsi85_15,138,13544.106285714455,1.454910874634555,38.405797101449274,38.50514363601385,80,58,9735.89204000011,3808.2142457143455,1.5504790187424087,1.3150700715728403,0.2354089471695684,,,,,,,historical_strict,base w12/r14/lb20 + base SL6/TP14,138,0,2639.3666259281977,10904.739659786257,1.357132147028444,0.09777872760611084,40.57971014492754,-2.173913043478265,11.175043077104775,27.330100558909074,1.223430578011057,0.32704844073135164,1.5853111909017177,-0.2702411193288774,0.36188061289066065,-0.12647166572109225,1.0,True,True,True,True,False,False,-33.977588697420806
phase3b_old_strict_base_6_14_adx40_runner_rsi90_10_fee04,old_strict_base_6_14,managed,40.0,runner_rsi90_10,135,16788.943857143022,1.558449728986174,36.2962962962963,31.258767761846784,78,57,5834.834640000102,10954.10921714292,1.3178569838502217,1.9357135714009812,0.6178565875507596,,,,,,,historical_strict,base w12/r14/lb20 + base SL6/TP14,138,-3,2639.3666259281977,14149.577231214824,1.357132147028444,0.20131758195772997,40.57971014492754,-4.283413848631241,11.175043077104775,20.08372468474201,1.223430578011057,0.09442640583916462,1.5853111909017177,0.35040238049926353,0.36188061289066065,0.2559759746600989,0.9782608695652174,True,True,False,True,False,False,-11.005633435698172
phase3b_old_strict_base_6_14_adx40_runner_ema100_200_fee04,old_strict_base_6_14,managed,40.0,runner_ema100_200,134,12870.18172000017,1.4896511026064352,41.04477611940299,30.244393371186973,77,57,5510.981320000111,7359.20040000006,1.3334187209209685,1.7543501354300006,0.42093141450903215,,,,,,,historical_strict,base w12/r14/lb20 + base SL6/TP14,138,-4,2639.3666259281977,10230.815094071972,1.357132147028444,0.1325189555779911,40.57971014492754,0.4650659744754506,11.175043077104775,19.0693502940822,1.223430578011057,0.10998814290991143,1.5853111909017177,0.16903894452828294,0.36188061289066065,0.05905080161837151,0.9710144927536232,True,True,False,True,False,False,-15.837005968660748
phase3b_old_strict_base_6_14_adx40_runner_rsi85_15_plus_ema100_200_fee04,old_strict_base_6_14,managed,40.0,runner_rsi85_15_plus_ema100_200,138,10759.69278857159,1.3911125416227146,40.57971014492754,38.27359036607556,80,58,4861.114160000106,5898.578628571484,1.2797827105514603,1.5819507667670278,0.3021680562155675,,,,,,,historical_strict,base w12/r14/lb20 + base SL6/TP14,138,0,2639.3666259281977,8120.326162643392,1.357132147028444,0.03398039459427049,40.57971014492754,0.0,11.175043077104775,27.098547288970785,1.223430578011057,0.05635213254040328,1.5853111909017177,-0.0033604241346898434,0.36188061289066065,-0.05971255667509312,1.0,True,True,False,True,False,False,-42.67872895587113
phase3b_old_strict_base_6_14_adx40_runner_rsi90_10_plus_ema100_200_fee04,old_strict_base_6_14,managed,40.0,runner_rsi90_10_plus_ema100_200,135,13656.088800000172,1.5106092225674042,40.74074074074074,30.70493383940124,78,57,3534.2838000001125,10121.80500000006,1.2080334827007666,2.037529155007933,0.8294956723071663,,,,,,,historical_strict,base w12/r14/lb20 + base SL6/TP14,138,-3,2639.3666259281977,11016.722174071974,1.357132147028444,0.15347707553896006,40.57971014492754,0.16103059581320167,11.175043077104775,19.529890762296464,1.223430578011057,-0.015397095310290432,1.5853111909017177,0.4522179641062152,0.36188061289066065,0.4676150594165056,0.9782608695652174,True,True,False,True,False,False,-22.04765298495506
phase3b_old_strict_base_6_14_adx45_runner_no_signal_fee04,old_strict_base_6_14,managed,45.0,runner_no_signal,63,-4610.501154285721,0.6806709959110065,30.158730158730158,57.77563948833969,40,23,-2529.528479999994,-2080.9726742857274,0.6950979050035049,0.6611837572053748,0.03391414779813007,,,,,,,historical_strict,base w12/r14/lb20 + base SL6/TP14,138,-75,2639.3666259281977,-7249.867780213919,1.357132147028444,-0.6764611511174375,40.57971014492754,-10.42097998619738,11.175043077104775,46.60059641123492,1.223430578011057,-0.5283326730075522,1.5853111909017177,-0.9241274336963429,0.36188061289066065,-0.3279664650925306,0.45652173913043476,False,False,True,False,False,False,-168.09717571442752
phase3b_old_strict_base_6_14_adx45_runner_rsi85_15_fee04,old_strict_base_6_14,managed,45.0,runner_rsi85_15,139,9799.17318857162,1.3306407131646583,39.568345323741006,37.77148859125794,80,59,7186.012400000123,2613.1607885714966,1.406305764111863,1.2186616558193768,0.18764410829248623,,,,,,,historical_strict,base w12/r14/lb20 + base SL6/TP14,138,1,2639.3666259281977,7159.806562643422,1.357132147028444,-0.02649143386378583,40.57971014492754,-1.0113648211865325,11.175043077104775,26.596445514153167,1.223430578011057,0.182875186100806,1.5853111909017177,-0.3666495350823409,0.36188061289066065,-0.1742365045981744,1.0072463768115942,False,True,True,True,False,False,-48.68222785204149
phase3b_old_strict_base_6_14_adx45_runner_rsi90_10_fee04,old_strict_base_6_14,managed,45.0,runner_rsi90_10,138,14964.704640000196,1.5084235979644185,39.130434782608695,33.73125863998758,80,58,5329.198280000124,9635.506360000072,1.2983368782915208,1.8327638622590918,0.534426983967571,,,,,,,historical_strict,base w12/r14/lb20 + base SL6/TP14,138,0,2639.3666259281977,12325.338014071998,1.357132147028444,0.1512914509359744,40.57971014492754,-1.4492753623188435,11.175043077104775,22.556215562882805,1.223430578011057,0.07490630028046374,1.5853111909017177,0.24745267135737414,0.36188061289066065,0.1725463710769104,1.0,True,True,False,True,False,False,-21.108875439634378
phase3b_old_strict_base_6_14_adx45_runner_ema100_200_fee04,old_strict_base_6_14,managed,45.0,runner_ema100_200,137,13078.079805714502,1.4790401453327837,40.14598540145985,33.460511245177535,79,58,4420.807440000147,8657.272365714356,1.2535343522743827,1.8776747780780048,0.6241404258036221,,,,,,,historical_strict,base w12/r14/lb20 + base SL6/TP14,138,-1,2639.3666259281977,10438.713179786304,1.357132147028444,0.12190799830433963,40.57971014492754,-0.4337247434676854,11.175043077104775,22.28546816807276,1.223430578011057,0.030103774263325667,1.5853111909017177,0.2923635871762871,0.36188061289066065,0.2622598129129614,0.9927536231884058,True,True,False,True,False,False,-27.186619584184484
phase3b_old_strict_base_6_14_adx45_runner_rsi85_15_plus_ema100_200_fee04,old_strict_base_6_14,managed,45.0,runner_rsi85_15_plus_ema100_200,139,8764.417154285924,1.3114455840701709,39.568345323741006,37.77148859125794,80,59,4185.313160000143,4579.10399428578,1.2338552572006354,1.447000783616017,0.21314552641538165,,,,,,,historical_strict,base w12/r14/lb20 + base SL6/TP14,138,1,2639.3666259281977,6125.050528357726,1.357132147028444,-0.045686562958273225,40.57971014492754,-1.0113648211865325,11.175043077104775,26.596445514153167,1.223430578011057,0.010424679189578345,1.5853111909017177,-0.13831040728570065,0.36188061289066065,-0.148735086475279,1.0072463768115942,False,True,True,True,False,False,-51.63649679577593
phase3b_old_strict_base_6_14_adx45_runner_rsi90_10_plus_ema100_200_fee04,old_strict_base_6_14,managed,45.0,runner_rsi90_10_plus_ema100_200,138,11900.0787257145,1.4286633388233159,39.85507246376812,33.73125863998758,80,58,3097.7483600001437,8802.330365714355,1.1730873441906688,1.89238076659035,0.7192934223996812,,,,,,,historical_strict,base w12/r14/lb20 + base SL6/TP14,138,0,2639.3666259281977,9260.712099786302,1.357132147028444,0.07153119179487177,40.57971014492754,-0.7246376811594217,11.175043077104775,22.556215562882805,1.223430578011057,-0.05034323382038819,1.5853111909017177,0.30706957568863236,0.36188061289066065,0.35741280950902055,1.0,True,True,False,True,False,False,-35.84685603667254
phase3b_old_strict_base_5_20_adx40_runner_no_signal_fee04,old_strict_base_5_20,managed,40.0,runner_no_signal,11,-530.5185142857173,0.24783897206558944,9.090909090909092,5.30518514285715,8,3,-403.31040000000144,-127.20811428571585,0.30237308118624895,0.0,0.30237308118624895,,,,,,,historical_strict_runner,base w12/r14/lb20 + base SL5/TP20,139,-128,2601.358244188775,-3131.8767584744924,1.3428646140792133,-1.095025642013624,29.496402877697843,-20.405493786788753,14.578558941103026,-9.273373798245876,1.4453110955153152,-1.1429380143290664,1.195368777660629,-1.195368777660629,0.24994231785468624,0.05243076333156271,0.07913669064748201,False,False,False,False,True,False,-113.68305622646814
phase3b_old_strict_base_5_20_adx40_runner_rsi85_15_fee04,old_strict_base_5_20,managed,40.0,runner_rsi85_15,138,10293.959445714412,1.3411723080616904,29.71014492753623,52.20143262751573,80,58,7723.590140000075,2570.3693057143378,1.445852252546583,1.2000425506642125,0.2458097018823704,,,,,,,historical_strict_runner,base w12/r14/lb20 + base SL5/TP20,139,-1,2601.358244188775,7692.6012015256365,1.3428646140792133,-0.0016923060175229043,29.496402877697843,0.21374204983838752,14.578558941103026,37.6228736864127,1.4453110955153152,0.0005411570312676695,1.195368777660629,0.0046737730035835146,0.24994231785468624,-0.004132615972315845,0.9928057553956835,False,True,True,True,False,False,-67.72237677305206
phase3b_old_strict_base_5_20_adx40_runner_rsi90_10_fee04,old_strict_base_5_20,managed,40.0,runner_rsi90_10,136,14128.118920000126,1.4597371534787655,26.47058823529412,49.755753546438164,78,58,4453.216080000071,9674.902840000055,1.2509995723711442,1.7448572936846778,0.49385772131353356,,,,,,,historical_strict_runner,base w12/r14/lb20 + base SL5/TP20,139,-3,2601.358244188775,11526.76067581135,1.3428646140792133,0.11687253939955222,29.496402877697843,-3.0258146424037236,14.578558941103026,35.17719460533514,1.4453110955153152,-0.194311523144171,1.195368777660629,0.5494885160240488,0.24994231785468624,0.24391540345884732,0.9784172661870504,True,True,False,True,False,False,-52.01868266408065
phase3b_old_strict_base_5_20_adx40_runner_ema100_200_fee04,old_strict_base_5_20,managed,40.0,runner_ema100_200,135,11809.802385714438,1.4216354475935713,28.888888888888886,57.61689368817515,77,58,2666.905120000099,9142.89726571434,1.160567779583424,1.8019879141568285,0.6414201345734045,,,,,,,historical_strict_runner,base w12/r14/lb20 + base SL5/TP20,139,-4,2601.358244188775,9208.444141525662,1.3428646140792133,0.07877083351435799,29.496402877697843,-0.6075139888089574,14.578558941103026,43.03833474707213,1.4453110955153152,-0.2847433159318913,1.195368777660629,0.6066191364961995,0.24994231785468624,0.3914778167187183,0.9712230215827338,True,True,False,True,False,False,-76.82069833555715
phase3b_old_strict_base_5_20_adx40_runner_rsi85_15_plus_ema100_200_fee04,old_strict_base_5_20,managed,40.0,runner_rsi85_15_plus_ema100_200,138,7145.915851428728,1.2530029684720256,31.15942028985507,51.90858803782188,80,58,2847.5484800001004,4298.367371428628,1.167661398300406,1.3817218068878598,0.2140604085874538,,,,,,,historical_strict_runner,base w12/r14/lb20 + base SL5/TP20,139,-1,2601.358244188775,4544.557607239953,1.3428646140792133,-0.08986164560718768,29.496402877697843,1.6630174121572274,14.578558941103026,37.33002909671885,1.4453110955153152,-0.2776496972149092,1.195368777660629,0.18635302922723085,0.24994231785468624,-0.03588190926723245,0.9928057553956835,False,True,True,True,False,False,-79.10166514691652
phase3b_old_strict_base_5_20_adx40_runner_rsi90_10_plus_ema100_200_fee04,old_strict_base_5_20,managed,40.0,runner_rsi90_10_plus_ema100_200,136,10204.59512571445,1.3633091398374872,29.411764705882355,48.46640601719846,78,58,1664.8390200001045,8539.756105714345,1.099764923562025,1.74908215498742,0.649317231425395,,,,,,,historical_strict_runner,base w12/r14/lb20 + base SL5/TP20,139,-3,2601.358244188775,7603.236881525674,1.3428646140792133,0.020444525758273935,29.496402877697843,-0.08463817181548805,14.578558941103026,33.88784707609543,1.4453110955153152,-0.3455461719532902,1.195368777660629,0.553713377326791,0.24994231785468624,0.39937491357070876,0.9784172661870504,True,True,False,True,False,False,-66.11550296625197
phase3b_old_strict_base_5_20_adx45_runner_no_signal_fee04,old_strict_base_5_20,managed,45.0,runner_no_signal,11,-439.41065714285935,0.35363195269569675,18.181818181818183,4.816220571428587,8,3,-403.31040000000144,-36.10025714285791,0.30237308118624895,0.6450226119125984,0.3426495307263494,,,,,,,historical_strict_runner,base w12/r14/lb20 + base SL5/TP20,139,-128,2601.358244188775,-3040.7689013316344,1.3428646140792133,-0.9892326613835165,29.496402877697843,-11.31458469587966,14.578558941103026,-9.762338369674438,1.4453110955153152,-1.1429380143290664,1.195368777660629,-0.5503461657480306,0.24994231785468624,0.09270721287166317,0.07913669064748201,False,False,False,False,True,False,-103.81817929711654
phase3b_old_strict_base_5_20_adx45_runner_rsi85_15_fee04,old_strict_base_5_20,managed,45.0,runner_rsi85_15,139,9791.917048571548,1.3276975500350592,30.215827338129497,49.26222333641983,80,59,7332.917900000101,2458.999148571446,1.4233002922464981,1.1958152093134224,0.22748508293307568,,,,,,,historical_strict_runner,base w12/r14/lb20 + base SL5/TP20,139,0,2601.358244188775,7190.558804382772,1.3428646140792133,-0.015167064044154133,29.496402877697843,0.7194244604316538,14.578558941103026,34.683664395316804,1.4453110955153152,-0.022010803268817103,1.195368777660629,0.0004464316527934553,0.24994231785468624,-0.022457234921610558,1.0,False,True,True,True,False,False,-63.69347639066625
phase3b_old_strict_base_5_20_adx45_runner_rsi90_10_fee04,old_strict_base_5_20,managed,45.0,runner_rsi90_10,138,16079.99092857155,1.537732681456456,29.71014492753623,46.56203739221737,79,59,6708.227780000105,9371.763148571446,1.386740260647104,1.7462929638017395,0.3595527031546355,,,,,,,historical_strict_runner,base w12/r14/lb20 + base SL5/TP20,139,-1,2601.358244188775,13478.632684382774,1.3428646140792133,0.19486806737724272,29.496402877697843,0.21374204983838752,14.578558941103026,31.983478451114344,1.4453110955153152,-0.05857083486821124,1.195368777660629,0.5509241861411105,0.24994231785468624,0.10961038529994926,0.9928057553956835,True,True,False,True,False,False,-33.19372518612063
phase3b_old_strict_base_5_20_adx45_runner_ema100_200_fee04,old_strict_base_5_20,managed,45.0,runner_ema100_200,137,17728.764000000145,1.619824463634958,29.927007299270077,45.25582724310569,78,59,4756.947120000122,12971.816880000022,1.2730536370003107,2.1601051835575884,0.8870515465572777,,,,,,,historical_strict_runner,base w12/r14/lb20 + base SL5/TP20,139,-2,2601.358244188775,15127.405755811369,1.3428646140792133,0.2769598495557446,29.496402877697843,0.4306044215722338,14.578558941103026,30.677268302002666,1.4453110955153152,-0.1722574585150045,1.195368777660629,0.9647364058969594,0.24994231785468624,0.6371092287025915,0.9856115107913669,True,True,False,True,False,False,-31.273330466671336
phase3b_old_strict_base_5_20_adx45_runner_rsi85_15_plus_ema100_200_fee04,old_strict_base_5_20,managed,45.0,runner_rsi85_15_plus_ema100_200,139,8426.686020000141,1.293453265214447,30.215827338129497,49.26222333641983,80,59,4332.218660000122,4094.4673600000197,1.247075161846516,1.3661794529004612,0.11910429105394527,,,,,,,historical_strict_runner,base w12/r14/lb20 + base SL5/TP20,139,0,2601.358244188775,5825.327775811365,1.3428646140792133,-0.04941134886476628,29.496402877697843,0.7194244604316538,14.578558941103026,34.683664395316804,1.4453110955153152,-0.19823593366879932,1.195368777660629,0.17081067523983218,0.24994231785468624,-0.13083802680074097,1.0,False,True,True,True,False,False,-68.48313590129887
phase3b_old_strict_base_5_20_adx45_runner_rsi90_10_plus_ema100_200_fee04,old_strict_base_5_20,managed,45.0,runner_rsi90_10_plus_ema100_200,138,12606.71002000014,1.4395448811127942,30.434782608695656,45.99002165436254,79,59,4305.560660000122,8301.14936000002,1.2460363451780323,1.7423945690190594,0.4963582238410271,,,,,,,historical_strict_runner,base w12/r14/lb20 + base SL5/TP20,139,-1,2601.358244188775,10005.351775811365,1.3428646140792133,0.0966802670335809,29.496402877697843,0.9383797309978128,14.578558941103026,31.411462713259517,1.4453110955153152,-0.19927475033728292,1.195368777660629,0.5470257913584304,0.24994231785468624,0.2464159059863409,0.9928057553956835,True,True,False,True,False,False,-48.077865067076395
phase3b_old_relaxed_base_4_10_adx40_runner_no_signal_fee04,old_relaxed_base_4_10,managed,40.0,runner_no_signal,121,-3302.387257142879,0.847990670875398,27.27272727272727,43.03519059653645,71,50,4966.145799999987,-8268.533057142866,1.4522458437495855,0.23039191178673837,1.2218539319628472,,,,,,,historical_relaxed,base w9/r10/lb20 + base SL4/TP10,357,-236,2285.663873551711,-5588.05113069459,1.1215288368116865,-0.27353816593628844,34.73389355742297,-7.461166284695697,19.89512993301126,23.140060663525194,1.2484170540694675,0.20382878968011808,0.9814135005188607,-0.7510215887321223,0.2670035535506068,0.9548503784122404,0.3389355742296919,False,False,False,False,False,False,-98.31899661961862
phase3b_old_relaxed_base_4_10_adx40_runner_rsi85_15_fee04,old_relaxed_base_4_10,managed,40.0,runner_rsi85_15,356,10367.798354285862,1.1287992786143777,33.70786516853933,50.41057705874685,201,155,10553.123560000207,-185.32520571434443,1.2434584133899933,0.9950113083637606,0.24844710502623268,,,,,,,historical_relaxed,base w9/r10/lb20 + base SL4/TP10,357,-1,2285.663873551711,8082.134480734151,1.1215288368116865,0.007270441802691208,34.73389355742297,-1.0260283888836383,19.89512993301126,30.515447125735594,1.2484170540694675,-0.004958640679474158,0.9814135005188607,0.013597807844899945,0.2670035535506068,-0.018556448524374103,0.9971988795518207,True,True,True,True,False,False,-52.221715590467916
phase3b_old_relaxed_base_4_10_adx40_runner_rsi90_10_fee04,old_relaxed_base_4_10,managed,40.0,runner_rsi90_10,352,21734.806291428704,1.2677010867451708,32.67045454545455,55.440355613272885,198,154,14271.763200000189,7463.043091428514,1.32225184714383,1.2022342013707537,0.12001764577307639,,,,,,,historical_relaxed,base w9/r10/lb20 + base SL4/TP10,357,-5,2285.663873551711,19449.142417876992,1.1215288368116865,0.14617224993348432,34.73389355742297,-2.06343901196842,19.89512993301126,35.54522568026162,1.2484170540694675,0.07383479307436258,0.9814135005188607,0.22082070085189298,0.2670035535506068,-0.1469859077775304,0.9859943977591037,True,True,True,True,False,False,-37.02408394929782
phase3b_old_relaxed_base_4_10_adx40_runner_ema100_200_fee04,old_relaxed_base_4_10,managed,40.0,runner_ema100_200,347,8292.268074285852,1.1058874642593677,33.71757925072046,42.20334683598702,196,151,6723.296600000208,1568.971474285644,1.1574090179255987,1.0440724627607343,0.1133365551648644,,,,,,,historical_relaxed,base w9/r10/lb20 + base SL4/TP10,357,-10,2285.663873551711,6006.604200734141,1.1215288368116865,-0.01564137255231879,34.73389355742297,-1.0163143067025047,19.89512993301126,22.30821690297576,1.2484170540694675,-0.09100803614386876,0.9814135005188607,0.06265896224187362,0.2670035535506068,-0.15366699838574238,0.9719887955182073,False,True,True,True,False,False,-40.17396686044926
phase3b_old_relaxed_base_4_10_adx40_runner_rsi85_15_plus_ema100_200_fee04,old_relaxed_base_4_10,managed,40.0,runner_rsi85_15_plus_ema100_200,356,3483.986274285875,1.043588297214898,33.98876404494382,50.15598537047815,201,155,3056.266360000219,427.71991428565576,1.0704984246008753,1.0116936429123626,0.058804781688512664,,,,,,,historical_relaxed,base w9/r10/lb20 + base SL4/TP10,357,-1,2285.663873551711,1198.3224007341641,1.1215288368116865,-0.07794053959678848,34.73389355742297,-0.7451295124791457,19.89512993301126,30.26085543746689,1.2484170540694675,-0.17791862946859216,0.9814135005188607,0.030280142393501963,0.2670035535506068,-0.20819877186209412,0.9971988795518207,False,True,True,True,False,False,-67.11744243387847
phase3b_old_relaxed_base_4_10_adx40_runner_rsi90_10_plus_ema100_200_fee04,old_relaxed_base_4_10,managed,40.0,runner_rsi90_10_plus_ema100_200,352,10949.993382857294,1.1388243723273157,33.80681818181818,52.8989578586712,198,154,5094.078600000208,5855.914782857086,1.118524395992809,1.1631290576009616,0.044604661608152574,,,,,,,historical_relaxed,base w9/r10/lb20 + base SL4/TP10,357,-5,2285.663873551711,8664.329509305582,1.1215288368116865,0.017295535515629235,34.73389355742297,-0.9270753756047867,19.89512993301126,33.00382792565995,1.2484170540694675,-0.1298926580766584,0.9814135005188607,0.18171555708210096,0.2670035535506068,-0.2223988919424542,0.9859943977591037,True,True,True,True,False,False,-55.61377279045139
phase3b_old_relaxed_base_4_10_adx45_runner_no_signal_fee04,old_relaxed_base_4_10,managed,45.0,runner_no_signal,152,984.5267714285285,1.0339501446015629,30.92105263157895,51.0491669060022,90,62,5727.063999999985,-4742.537228571457,1.3822154897639998,0.6616178858051862,0.7205976039588136,,,,,,,historical_relaxed,base w9/r10/lb20 + base SL4/TP10,357,-205,2285.663873551711,-1301.1371021231823,1.1215288368116865,-0.0875786922101236,34.73389355742297,-3.812840925844018,19.89512993301126,31.15403697299094,1.2484170540694675,0.13379843569453231,0.9814135005188607,-0.31979561471367446,0.2670035535506068,0.4535940504082068,0.4257703081232493,False,False,False,False,False,False,-81.43896127728156
phase3b_old_relaxed_base_4_10_adx45_runner_rsi85_15_fee04,old_relaxed_base_4_10,managed,45.0,runner_rsi85_15,357,12017.486205714393,1.1499504018171511,34.45378151260504,47.982688746482935,202,155,9708.299720000177,2309.1864857142155,1.2249618953472137,1.0624310864629778,0.16253080888423588,,,,,,,historical_relaxed,base w9/r10/lb20 + base SL4/TP10,357,0,2285.663873551711,9731.822332162683,1.1215288368116865,0.028421565005464666,34.73389355742297,-0.2801120448179262,19.89512993301126,28.087558813471677,1.2484170540694675,-0.02345515872225379,0.9814135005188607,0.08101758594411712,0.2670035535506068,-0.10447274466637091,1.0,True,True,True,True,False,False,-43.6011387942342
phase3b_old_relaxed_base_4_10_adx45_runner_rsi90_10_fee04,old_relaxed_base_4_10,managed,45.0,runner_rsi90_10,356,16242.128422857251,1.1999991635473275,33.70786516853933,51.0491669060022,202,154,7654.721480000175,8587.406942857075,1.1721349562910395,1.2337238571353288,0.06158890084428936,,,,,,,historical_relaxed,base w9/r10/lb20 + base SL4/TP10,357,-1,2285.663873551711,13956.46454930554,1.1215288368116865,0.07847032673564103,34.73389355742297,-1.0260283888836383,19.89512993301126,31.15403697299094,1.2484170540694675,-0.07628209777842798,0.9814135005188607,0.25231035661646817,0.2670035535506068,-0.20541465270631742,0.9971988795518207,True,True,True,True,False,False,-40.50457672311224
phase3b_old_relaxed_base_4_10_adx45_runner_ema100_200_fee04,old_relaxed_base_4_10,managed,45.0,runner_ema100_200,354,5756.531497143003,1.0722508999648963,33.89830508474576,48.98922807866094,201,153,2735.0672800002126,3021.4642171427913,1.063069228095954,1.0832174264526457,0.020148198356691793,,,,,,,historical_relaxed,base w9/r10/lb20 + base SL4/TP10,357,-3,2285.663873551711,3470.8676235912926,1.1215288368116865,-0.04927793684679016,34.73389355742297,-0.8355884726772089,19.89512993301126,29.094098145649685,1.2484170540694675,-0.1853478259735135,0.9814135005188607,0.10180392593378507,0.2670035535506068,-0.246855355193915,0.9915966386554622,False,True,True,True,False,False,-59.64512235238709
phase3b_old_relaxed_base_4_10_adx45_runner_rsi85_15_plus_ema100_200_fee04,old_relaxed_base_4_10,managed,45.0,runner_rsi85_15_plus_ema100_200,357,6740.7977257144175,1.0838888888439306,34.173669467787114,47.982688746482935,202,155,4431.611240000203,2309.1864857142155,1.102190648899922,1.0624310864629778,0.03975956243694423,,,,,,,historical_relaxed,base w9/r10/lb20 + base SL4/TP10,357,0,2285.663873551711,4455.133852162707,1.1215288368116865,-0.03763994796775583,34.73389355742297,-0.5602240896358524,19.89512993301126,28.087558813471677,1.2484170540694675,-0.14622640516954544,0.9814135005188607,0.08101758594411712,0.2670035535506068,-0.22724399111366256,1.0,False,True,True,True,False,False,-55.48397857155623
phase3b_old_relaxed_base_4_10_adx45_runner_rsi90_10_plus_ema100_200_fee04,old_relaxed_base_4_10,managed,45.0,runner_rsi90_10_plus_ema100_200,356,9880.812114285849,1.1240152282664506,34.26966292134831,48.98922807866094,202,154,3513.5786000002013,6367.233514285647,1.0810212939831076,1.1753668912163873,0.09434559723327962,,,,,,,historical_relaxed,base w9/r10/lb20 + base SL4/TP10,357,-1,2285.663873551711,7595.148240734138,1.1215288368116865,0.0024863914547641475,34.73389355742297,-0.4642306360746531,19.89512993301126,29.094098145649685,1.2484170540694675,-0.1673957600863598,0.9814135005188607,0.1939533906975266,0.2670035535506068,-0.17265795631732717,0.9971988795518207,True,True,True,True,False,False,-50.34440890508882
phase3b_old_relaxed_base_4_12_adx40_runner_no_signal_fee04,old_relaxed_base_4_12,managed,40.0,runner_no_signal,118,-7898.28548571428,0.6623949943556922,22.033898305084744,81.43493641226647,68,50,-124.16440000000455,-7774.121085714276,0.9901733960584428,0.2774653593864368,0.712708036672006,,,,,,,historical_relaxed,base w9/r10/lb20 + base SL4/TP12,354,-236,2276.4292553301493,-10174.71474104443,1.1175662556503296,-0.4551712612946375,31.07344632768362,-9.039548022598876,20.168898943252945,61.266037469013526,1.2298685501959803,-0.2396951541375375,0.993079565573613,-0.7156142061871762,0.2367889846223673,0.4759190520496387,0.3333333333333333,False,False,False,False,False,False,-187.742296849528
phase3b_old_relaxed_base_4_12_adx40_runner_rsi85_15_fee04,old_relaxed_base_4_12,managed,40.0,runner_rsi85_15,352,13065.470777143035,1.155662084873055,30.113636363636363,56.777348302786756,197,155,15561.691400000218,-2496.2206228571836,1.3536575376984428,0.937489283107048,0.4161682545913947,,,,,,,historical_relaxed,base w9/r10/lb20 + base SL4/TP12,354,-2,2276.4292553301493,10789.041521812886,1.1175662556503296,0.038095829222725364,31.07344632768362,-0.9598099640472562,20.168898943252945,36.60844935953381,1.2298685501959803,0.12378898750246248,0.993079565573613,-0.055590282466564944,0.2367889846223673,0.17937926996902742,0.9943502824858758,True,True,False,True,False,False,-62.20585967436274
phase3b_old_relaxed_base_4_12_adx40_runner_rsi90_10_fee04,old_relaxed_base_4_12,managed,40.0,runner_rsi90_10,348,19614.891765714445,1.227424294046604,27.873563218390807,77.33480926618236,195,153,14255.056240000216,5359.835525714229,1.3074921554886725,1.1343690431071691,0.17312311238150335,,,,,,,historical_relaxed,base w9/r10/lb20 + base SL4/TP12,354,-6,2276.4292553301493,17338.462510384295,1.1175662556503296,0.1098580383962744,31.07344632768362,-3.199883109292813,20.168898943252945,57.16591032292942,1.2298685501959803,0.07762360529269219,0.993079565573613,0.14128947753355614,0.2367889846223673,-0.06366587224086395,0.9830508474576272,True,True,True,True,False,False,-86.0075542958471
phase3b_old_relaxed_base_4_12_adx40_runner_ema100_200_fee04,old_relaxed_base_4_12,managed,40.0,runner_ema100_200,341,9293.511325714435,1.116039766423264,30.205278592375368,50.243318814668704,191,150,7088.280640000221,2205.230685714215,1.1627354711421105,1.0603644407119381,0.10237103043017237,,,,,,,historical_relaxed,base w9/r10/lb20 + base SL4/TP12,354,-13,2276.4292553301493,7017.0820703842855,1.1175662556503296,-0.0015264892270656638,31.07344632768362,-0.8681677353082513,20.168898943252945,30.07441987141576,1.2298685501959803,-0.06713307905386978,0.993079565573613,0.06728487513832515,0.2367889846223673,-0.13441795419219493,0.963276836158192,False,True,True,True,False,False,-53.2844065951538
phase3b_old_relaxed_base_4_12_adx40_runner_rsi85_15_plus_ema100_200_fee04,old_relaxed_base_4_12,managed,40.0,runner_rsi85_15_plus_ema100_200,352,7674.773108571614,1.0934849606634867,30.96590909090909,49.741016248184486,197,155,9060.93560000023,-1386.1624914286167,1.209060346374148,0.9642327678890212,0.24482757848512682,,,,,,,historical_relaxed,base w9/r10/lb20 + base SL4/TP12,354,-2,2276.4292553301493,5398.343853241465,1.1175662556503296,-0.02408129498684297,31.07344632768362,-0.10753723677452953,20.168898943252945,29.572117304931542,1.2298685501959803,-0.02080820382183224,0.993079565573613,-0.028846797684591752,0.2367889846223673,0.008038593862759513,0.9943502824858758,False,True,True,True,False,False,-56.31479213256111
phase3b_old_relaxed_base_4_12_adx40_runner_rsi90_10_plus_ema100_200_fee04,old_relaxed_base_4_12,managed,40.0,runner_rsi90_10_plus_ema100_200,348,12573.831474285895,1.1535503042477997,30.17241379310345,66.55895334493718,195,153,5650.585120000237,6923.2463542856585,1.1277435848811816,1.1838669381524438,0.056123353271262166,,,,,,,historical_relaxed,base w9/r10/lb20 + base SL4/TP12,354,-6,2276.4292553301493,10297.402218955745,1.1175662556503296,0.035984048597470064,31.07344632768362,-0.9010325345801711,20.168898943252945,46.39005440168424,1.2298685501959803,-0.10212496531479864,0.993079565573613,0.19078737257883083,0.2367889846223673,-0.18066563135110514,0.9830508474576272,True,True,True,True,False,False,-78.88430172466573
phase3b_old_relaxed_base_4_12_adx45_runner_no_signal_fee04,old_relaxed_base_4_12,managed,45.0,runner_no_signal,121,-4726.847257142862,0.7955665756188014,24.793388429752067,58.06761928267691,71,50,2864.9151999999867,-7591.762457142848,1.2307941073241593,0.2910460822298729,0.9397480250942865,,,,,,,historical_relaxed,base w9/r10/lb20 + base SL4/TP12,354,-233,2276.4292553301493,-7003.276512473011,1.1175662556503296,-0.32199968003152823,31.07344632768362,-6.2800578979315524,20.168898943252945,37.89872033942396,1.2298685501959803,0.0009255571281789887,0.993079565573613,-0.70203348334374,0.2367889846223673,0.7029590404719191,0.3418079096045198,False,False,False,False,False,False,-129.05986600391213
phase3b_old_relaxed_base_4_12_adx45_runner_rsi85_15_fee04,old_relaxed_base_4_12,managed,45.0,runner_rsi85_15,354,10882.014925714482,1.1298979988411677,31.07344632768362,57.054406055060205,199,155,14031.21092000027,-3149.195994285789,1.318875588606951,0.9208175519325842,0.3980580366743668,,,,,,,historical_relaxed,base w9/r10/lb20 + base SL4/TP12,354,0,2276.4292553301493,8605.585670384333,1.1175662556503296,0.012331743190838074,31.07344632768362,0.0,20.168898943252945,36.88550711180726,1.2298685501959803,0.08900703841097068,0.993079565573613,-0.0722620136410288,0.2367889846223673,0.16126905205199948,1.0,True,True,False,True,False,False,-67.15763527518637
phase3b_old_relaxed_base_4_12_adx45_runner_rsi90_10_fee04,old_relaxed_base_4_12,managed,45.0,runner_rsi90_10,352,17616.624417143055,1.2056168004697405,29.829545454545453,55.442649402803546,198,154,13317.58928000027,4299.035137142785,1.2912004405580975,1.1076277428342511,0.18357269772384632,,,,,,,historical_relaxed,base w9/r10/lb20 + base SL4/TP12,354,-2,2276.4292553301493,15340.195161812906,1.1175662556503296,0.08805054481941088,31.07344632768362,-1.2439008731381662,20.168898943252945,35.2737504595506,1.2298685501959803,0.06133189036211717,0.993079565573613,0.11454817726063815,0.2367889846223673,-0.05321628689852098,0.9943502824858758,True,True,True,True,False,False,-46.402251275347204
phase3b_old_relaxed_base_4_12_adx45_runner_ema100_200_fee04,old_relaxed_base_4_12,managed,45.0,runner_ema100_200,349,8988.271937143072,1.110603653912541,31.23209169054441,48.22505537423205,197,152,7882.469920000287,1105.8020171427843,1.1801356964626026,1.0294824832656335,0.15065321319696912,,,,,,,historical_relaxed,base w9/r10/lb20 + base SL4/TP12,354,-5,2276.4292553301493,6711.842681812923,1.1175662556503296,-0.006962601737788621,31.07344632768362,0.158645362860792,20.168898943252945,28.056156430979104,1.2298685501959803,-0.04973285373337766,0.993079565573613,0.03640291769202053,0.2367889846223673,-0.08613577142539819,0.9858757062146892,False,True,True,True,False,False,-50.09673035392415
phase3b_old_relaxed_base_4_12_adx45_runner_rsi85_15_plus_ema100_200_fee04,old_relaxed_base_4_12,managed,45.0,runner_rsi85_15_plus_ema100_200,354,7303.701577143071,1.088522231351812,31.35593220338983,49.910285454875655,199,155,9955.884560000291,-2652.1829828572218,1.2297092448791536,0.9322830720555662,0.2974261728235874,,,,,,,historical_relaxed,base w9/r10/lb20 + base SL4/TP12,354,0,2276.4292553301493,5027.272321812921,1.1175662556503296,-0.029044024298517712,31.07344632768362,0.282485875706211,20.168898943252945,29.74138651162271,1.2298685501959803,-0.00015930531682673,0.993079565573613,-0.060796493518046835,0.2367889846223673,0.060637188201220105,1.0,False,True,True,True,False,False,-58.57264689530867
phase3b_old_relaxed_base_4_12_adx45_runner_rsi90_10_plus_ema100_200_fee04,old_relaxed_base_4_12,managed,45.0,runner_rsi90_10_plus_ema100_200,352,12441.4355657145,1.1512736850468612,31.25,48.22505537423205,198,154,10377.80852000029,2063.6270457142105,1.2371609133277501,1.0536201523199116,0.18354076100783856,,,,,,,historical_relaxed,base w9/r10/lb20 + base SL4/TP12,354,-2,2276.4292553301493,10165.006310384351,1.1175662556503296,0.033707429396531596,31.07344632768362,0.17655367231638053,20.168898943252945,28.056156430979104,1.2298685501959803,0.007292363131769841,0.993079565573613,0.060540586746298586,0.2367889846223673,-0.053248223614528745,0.9943502824858758,True,True,True,True,False,False,-42.5765636119207
phase3b_current_base_sharp_1h_2p15_2p15_adx40_runner_no_signal_fee04,current_base_sharp_1h_2p15_2p15,managed,40.0,runner_no_signal,14,-1352.6291500000002,0.2040626167027374,21.428571428571427,15.404744129213055,10,4,-849.5702300000017,-503.05891999999835,0.2898693339282157,0.0,0.2898693339282157,,,,,,,current_symmetric,base w11/r12/lb10 + 1h SL2.15/TP2.15,197,-183,4088.0166949111863,-5440.645844911187,1.2179238407692008,-1.0138612240664635,57.868020304568525,-36.4394488759971,20.34381371580478,-4.939069586591726,1.2139675510904966,-0.9240982171622809,1.2222639283045622,-1.2222639283045622,0.00829637721406562,0.28157295671415006,0.07106598984771574,False,False,True,False,True,False,-112.45822738584054
phase3b_current_base_sharp_1h_2p15_2p15_adx40_runner_rsi85_15_fee04,current_base_sharp_1h_2p15_2p15,managed,40.0,runner_rsi85_15,196,17917.06094742855,1.2887810040855077,55.61224489795919,32.71610227980991,110,86,8185.697523999946,9731.363423428602,1.2235220490796384,1.3827879672695542,0.15926591818991587,,,,,,,current_symmetric,base w11/r12/lb10 + 1h SL2.15/TP2.15,197,-1,4088.0166949111863,13829.044252517362,1.2179238407692008,0.07085716331630687,57.868020304568525,-2.255775406609338,20.34381371580478,12.372288564005128,1.2139675510904966,0.009554497989141764,1.2222639283045622,0.160524038964992,0.00829637721406562,0.15096954097585025,0.9949238578680203,True,True,True,True,True,True,-6.849207363379213
phase3b_current_base_sharp_1h_2p15_2p15_adx40_runner_rsi90_10_fee04,current_base_sharp_1h_2p15_2p15,managed,40.0,runner_rsi90_10,191,31801.32753499996,1.4757199720151488,52.879581151832454,19.85378388174435,107,84,13964.88411099995,17836.44342400001,1.3811496964165269,1.590415309005308,0.20926561258878107,,,,,,,current_symmetric,base w11/r12/lb10 + 1h SL2.15/TP2.15,197,-6,4088.0166949111863,27713.310840088772,1.2179238407692008,0.257796131245948,57.868020304568525,-4.9884391527360705,20.34381371580478,-0.490029834060433,1.2139675510904966,0.16718214532603026,1.2222639283045622,0.3681513807007457,0.00829637721406562,0.20096923537471545,0.9695431472081218,True,True,True,True,True,True,49.473539257189266
phase3b_current_base_sharp_1h_2p15_2p15_adx40_runner_ema100_200_fee04,current_base_sharp_1h_2p15_2p15,managed,40.0,runner_ema100_200,185,2199.6321497142812,1.036222063201184,48.64864864864865,56.19060620055794,102,83,2467.750771999971,-268.1186222856899,1.0746619212168873,0.9903115241539406,0.08435039706294667,,,,,,,current_symmetric,base w11/r12/lb10 + 1h SL2.15/TP2.15,197,-12,4088.0166949111863,-1888.384545196905,1.2179238407692008,-0.18170177756801675,57.868020304568525,-9.219371655919872,20.34381371580478,35.84679248475315,1.2139675510904966,-0.13930562987360928,1.2222639283045622,-0.23195240415062157,0.00829637721406562,0.07605401984888105,0.9390862944162437,False,False,True,True,False,False,-93.2732276684825
phase3b_current_base_sharp_1h_2p15_2p15_adx40_runner_rsi85_15_plus_ema100_200_fee04,current_base_sharp_1h_2p15_2p15,managed,40.0,runner_rsi85_15_plus_ema100_200,196,11476.387370857141,1.190853471541542,52.55102040816326,30.587833714124567,110,86,3591.655518999978,7884.731851857163,1.1019417492806138,1.3166622676943562,0.2147205184137424,,,,,,,current_symmetric,base w11/r12/lb10 + 1h SL2.15/TP2.15,197,-1,4088.0166949111863,7388.370675945955,1.2179238407692008,-0.02707036922765882,57.868020304568525,-5.316999896405264,20.34381371580478,10.244019998319786,1.2139675510904966,-0.11202580180988275,1.2222639283045622,0.09439833938979403,0.00829637721406562,0.20642414119967678,0.9949238578680203,False,True,True,True,True,False,-19.935189067453035
phase3b_current_base_sharp_1h_2p15_2p15_adx40_runner_rsi90_10_plus_ema100_200_fee04,current_base_sharp_1h_2p15_2p15,managed,40.0,runner_rsi90_10_plus_ema100_200,192,8387.512762999997,1.1369168124904105,49.47916666666667,46.4165244240553,107,85,1582.8103509999805,6804.702412000016,1.0467547865406068,1.248288096566694,0.2015333100260872,,,,,,,current_symmetric,base w11/r12/lb10 + 1h SL2.15/TP2.15,197,-5,4088.0166949111863,4299.496068088811,1.2179238407692008,-0.08100702827879025,57.868020304568525,-8.388853637901853,20.34381371580478,26.072710708250515,1.2139675510904966,-0.16721276454988976,1.2222639283045622,0.02602416826213183,0.00829637721406562,0.1932369328120216,0.9746192893401016,False,True,True,True,False,False,-59.811366832531675
phase3b_current_base_sharp_1h_2p15_2p15_adx45_runner_no_signal_fee04,current_base_sharp_1h_2p15_2p15,managed,45.0,runner_no_signal,62,-8595.008120714307,0.5013595506236919,40.32258064516129,86.99320673624133,40,22,-9391.37535000001,796.3672292857023,0.27080347781082353,1.1827447449775161,0.9119412671666927,,,,,,,current_symmetric,base w11/r12/lb10 + 1h SL2.15/TP2.15,197,-135,4088.0166949111863,-12683.024815625493,1.2179238407692008,-0.7165642901455089,57.868020304568525,-17.545439659407236,20.34381371580478,66.64939302043655,1.2139675510904966,-0.9431640732796731,1.2222639283045622,-0.03951918332704607,0.00829637721406562,0.903644889952627,0.3147208121827411,False,False,False,False,False,False,-235.711137670102
phase3b_current_base_sharp_1h_2p15_2p15_adx45_runner_rsi85_15_fee04,current_base_sharp_1h_2p15_2p15,managed,45.0,runner_rsi85_15,197,19950.352874285727,1.3184668443445944,56.852791878172596,30.026690050530334,110,87,9490.039506999963,10460.313367285766,1.2612975730825746,1.3973363012102034,0.13603872812762874,,,,,,,current_symmetric,base w11/r12/lb10 + 1h SL2.15/TP2.15,197,0,4088.0166949111863,15862.33617937454,1.2179238407692008,0.10054300357539359,57.868020304568525,-1.0152284263959288,20.34381371580478,9.682876334725552,1.2139675510904966,0.04733002199207803,1.2222639283045622,0.17507237290564115,0.00829637721406562,0.12774235091356312,1.0,True,True,True,True,True,True,3.9960368491915315
phase3b_current_base_sharp_1h_2p15_2p15_adx45_runner_rsi90_10_fee04,current_base_sharp_1h_2p15_2p15,managed,45.0,runner_rsi90_10,194,33630.27357485715,1.520321939134969,55.670103092783506,18.57725381504659,109,85,10425.350136999967,23204.923437857185,1.2834549072094548,1.833090774851448,0.5496358676419932,,,,,,,current_symmetric,base w11/r12/lb10 + 1h SL2.15/TP2.15,197,-3,4088.0166949111863,29542.256879945962,1.2179238407692008,0.30239809836576814,57.868020304568525,-2.1979172117850183,20.34381371580478,-1.7665599007581925,1.2139675510904966,0.06948735611895818,1.2222639283045622,0.6108268465468858,0.00829637721406562,0.5413394904279276,0.9847715736040609,True,True,False,True,True,False,48.955276907964226
phase3b_current_base_sharp_1h_2p15_2p15_adx45_runner_ema100_200_fee04,current_base_sharp_1h_2p15_2p15,managed,45.0,runner_ema100_200,191,17590.787991428617,1.2832695895561816,54.45026178010471,25.43336836962158,108,83,5265.49913299999,12325.288858428627,1.1451644215580121,1.4772351347589299,0.33207071320091774,,,,,,,current_symmetric,base w11/r12/lb10 + 1h SL2.15/TP2.15,197,-6,4088.0166949111863,13502.77129651743,1.2179238407692008,0.06534574878698085,57.868020304568525,-3.417758524463814,20.34381371580478,5.089554653816798,1.2139675510904966,-0.06880312953248446,1.2222639283045622,0.25497120645436766,0.00829637721406562,0.3237743359868521,0.9695431472081218,True,True,False,True,True,False,3.3827501478448765
phase3b_current_base_sharp_1h_2p15_2p15_adx45_runner_rsi85_15_plus_ema100_200_fee04,current_base_sharp_1h_2p15_2p15,managed,45.0,runner_rsi85_15_plus_ema100_200,197,14573.63884757147,1.2372446734021623,55.32994923857868,30.452861153442136,110,87,3982.3452519999896,10591.29359557148,1.1107934935798023,1.4155913567563543,0.304797863176552,,,,,,,current_symmetric,base w11/r12/lb10 + 1h SL2.15/TP2.15,197,0,4088.0166949111863,10485.622152660284,1.2179238407692008,0.01932083263296147,57.868020304568525,-2.538071065989847,20.34381371580478,10.109047437637354,1.2139675510904966,-0.1031740575106943,1.2222639283045622,0.19332742845179207,0.00829637721406562,0.2965014859624864,1.0,True,True,False,True,True,False,-13.730419178568006
phase3b_current_base_sharp_1h_2p15_2p15_adx45_runner_rsi90_10_plus_ema100_200_fee04,current_base_sharp_1h_2p15_2p15,managed,45.0,runner_rsi90_10_plus_ema100_200,194,18500.705789714328,1.2990778048749452,54.63917525773196,23.686394412408664,109,85,3999.21626199999,14501.489527714339,1.1115432185064666,1.5576282026569375,0.4460849841504708,,,,,,,current_symmetric,base w11/r12/lb10 + 1h SL2.15/TP2.15,197,-3,4088.0166949111863,14412.689094803141,1.2179238407692008,0.08115396410574438,57.868020304568525,-3.228845046836568,20.34381371580478,3.342580696603882,1.2139675510904966,-0.10242433258402994,1.2222639283045622,0.33536427435237526,0.00829637721406562,0.4377886069364052,0.9847715736040609,True,True,False,True,True,False,7.08715197344171
phase3b_current_base_stability_1h_2p15_2p15_adx40_runner_no_signal_fee04,current_base_stability_1h_2p15_2p15,managed,40.0,runner_no_signal,14,-1352.6291500000002,0.2040626167027374,21.428571428571427,15.404744129213055,10,4,-849.5702300000017,-503.05891999999835,0.2898693339282157,0.0,0.2898693339282157,,,,,,,current_symmetric,base w11/r12/lb20 + 1h SL2.15/TP2.15,200,-186,3812.0303071275575,-5164.659457127558,1.2024903895381285,-0.9984277728353911,57.49999999999999,-36.07142857142857,20.347332172614262,-4.942588043401207,1.1835503683033415,-0.8936810343751258,1.2240272260752558,-1.2240272260752558,0.04047685777191434,0.24939247615630133,0.07,False,False,True,False,True,False,-109.99528626379269
phase3b_current_base_stability_1h_2p15_2p15_adx40_runner_rsi85_15_fee04,current_base_stability_1h_2p15_2p15,managed,40.0,runner_rsi85_15,199,17480.31051642855,1.2769635954921983,55.27638190954774,32.086136819038835,113,86,7748.947092999951,9731.363423428602,1.2055872150052518,1.3827879672695542,0.17720075226430243,,,,,,,current_symmetric,base w11/r12/lb20 + 1h SL2.15/TP2.15,200,-1,3812.0303071275575,13668.280209300994,1.2024903895381285,0.07447320595406981,57.49999999999999,-2.2236180904522556,20.347332172614262,11.738804646424573,1.1835503683033415,0.022036846701910306,1.2240272260752558,0.1587607411942984,0.04047685777191434,0.1367238944923881,0.995,True,True,True,True,True,True,-5.096486377988933
phase3b_current_base_stability_1h_2p15_2p15_adx40_runner_rsi90_10_fee04,current_base_stability_1h_2p15_2p15,managed,40.0,runner_rsi90_10,194,30438.986416999956,1.4442720146895636,52.0618556701031,22.675915259678614,110,84,12602.542992999946,17836.44342400001,1.329011130591897,1.590415309005308,0.2614041784134109,,,,,,,current_symmetric,base w11/r12/lb20 + 1h SL2.15/TP2.15,200,-6,3812.0303071275575,26626.9561098724,1.2024903895381285,0.2417816251514351,57.49999999999999,-5.438144329896893,20.347332172614262,2.3285830870643522,1.1835503683033415,0.14546076228855553,1.2240272260752558,0.3663880829300521,0.04047685777191434,0.22092732064149656,0.97,True,True,True,True,True,True,41.72940603805727
phase3b_current_base_stability_1h_2p15_2p15_adx40_runner_ema100_200_fee04,current_base_stability_1h_2p15_2p15,managed,40.0,runner_ema100_200,188,1274.3771987142745,1.0205695053671093,47.87234042553192,55.08282302171554,105,83,1542.4958209999645,-268.1186222856899,1.0449960285318292,0.9903115241539406,0.05468450437788852,,,,,,,current_symmetric,base w11/r12/lb20 + 1h SL2.15/TP2.15,200,-12,3812.0303071275575,-2537.653108413283,1.2024903895381285,-0.18192088417101915,57.49999999999999,-9.627659574468076,20.347332172614262,34.73549084910128,1.1835503683033415,-0.13855433977151232,1.2240272260752558,-0.2337157019213152,0.04047685777191434,0.014207646605974178,0.94,False,False,True,True,False,False,-90.48487615583724
phase3b_current_base_stability_1h_2p15_2p15_adx40_runner_rsi85_15_plus_ema100_200_fee04,current_base_stability_1h_2p15_2p15,managed,40.0,runner_rsi85_15_plus_ema100_200,199,10551.132419857135,1.171953715358402,51.75879396984925,35.941295710978174,113,86,2666.400567999971,7884.731851857163,1.0731305988146376,1.3166622676943562,0.24353166887971867,,,,,,,current_symmetric,base w11/r12/lb20 + 1h SL2.15/TP2.15,200,-1,3812.0303071275575,6739.102112729577,1.2024903895381285,-0.030536674179726386,57.49999999999999,-5.741206030150742,20.347332172614262,15.593963538363912,1.1835503683033415,-0.11041976948870391,1.2240272260752558,0.09263504161910041,0.04047685777191434,0.20305481110780432,0.995,False,True,True,True,False,False,-31.56358860412697
phase3b_current_base_stability_1h_2p15_2p15_adx40_runner_rsi90_10_plus_ema100_200_fee04,current_base_stability_1h_2p15_2p15,managed,40.0,runner_rsi90_10_plus_ema100_200,195,7462.25781199999,1.1194184905134155,48.717948717948715,45.49732229973172,110,85,657.5553999999738,6804.702412000016,1.018743482410505,1.248288096566694,0.229544614156189,,,,,,,current_symmetric,base w11/r12/lb20 + 1h SL2.15/TP2.15,200,-5,3812.0303071275575,3650.2275048724323,1.2024903895381285,-0.08307189902471301,57.49999999999999,-8.782051282051277,20.347332172614262,25.14999012711746,1.1835503683033415,-0.16480688589283643,1.2240272260752558,0.024260870491438213,0.04047685777191434,0.18906775638427464,0.975,False,True,True,True,False,False,-58.73829777951928
phase3b_current_base_stability_1h_2p15_2p15_adx45_runner_no_signal_fee04,current_base_stability_1h_2p15_2p15,managed,45.0,runner_no_signal,62,-8635.445870714306,0.5001861134904583,40.32258064516129,87.39056765775206,40,22,-9431.813100000008,796.3672292857023,0.2699558696142281,1.1827447449775161,0.912788875363288,,,,,,,current_symmetric,base w11/r12/lb20 + 1h SL2.15/TP2.15,200,-138,3812.0303071275575,-12447.476177841863,1.2024903895381285,-0.7023042760476702,57.49999999999999,-17.177419354838705,20.347332172614262,67.0432354851378,1.1835503683033415,-0.9135944986891134,1.2240272260752558,-0.04128248109773969,0.04047685777191434,0.8723120175913737,0.31,False,False,False,False,False,False,-234.21061510471193
phase3b_current_base_stability_1h_2p15_2p15_adx45_runner_rsi85_15_fee04,current_base_stability_1h_2p15_2p15,managed,45.0,runner_rsi85_15,200,19637.31401028573,1.3082038883106186,56.49999999999999,33.40631764024907,113,87,9177.000642999965,10460.313367285766,1.24544496555685,1.3973363012102034,0.15189133565335333,,,,,,,current_symmetric,base w11/r12/lb20 + 1h SL2.15/TP2.15,200,0,3812.0303071275575,15825.283703158171,1.2024903895381285,0.10571349877249014,57.49999999999999,-1.0,20.347332172614262,13.058985467634809,1.1835503683033415,0.06189459725350854,1.2240272260752558,0.17330907513494753,0.04047685777191434,0.11141447788143899,1.0,True,True,True,True,True,True,-1.9496269124912144
phase3b_current_base_stability_1h_2p15_2p15_adx45_runner_rsi90_10_fee04,current_base_stability_1h_2p15_2p15,managed,45.0,runner_rsi90_10,197,33317.234710857156,1.5070813019357265,55.32994923857868,21.50862961009735,112,85,10112.311272999968,23204.923437857185,1.2671686647546363,1.833090774851448,0.5659221100968117,,,,,,,current_symmetric,base w11/r12/lb20 + 1h SL2.15/TP2.15,200,-3,3812.0303071275575,29505.2044037296,1.2024903895381285,0.30459091239759806,57.49999999999999,-2.170050761421315,20.347332172614262,1.1612974374830891,1.1835503683033415,0.08361829645129482,1.2240272260752558,0.6090635487761922,0.04047685777191434,0.5254452523248974,0.985,True,True,False,True,True,False,47.13279572202528
phase3b_current_base_stability_1h_2p15_2p15_adx45_runner_ema100_200_fee04,current_base_stability_1h_2p15_2p15,managed,45.0,runner_ema100_200,194,17277.74912742862,1.2735143271970812,54.123711340206185,28.640633978401276,111,83,4952.460268999993,12325.288858428627,1.1326208491673122,1.4772351347589299,0.34461428559161766,,,,,,,current_symmetric,base w11/r12/lb20 + 1h SL2.15/TP2.15,200,-6,3812.0303071275575,13465.718820301061,1.2024903895381285,0.07102393765895276,57.49999999999999,-3.3762886597938078,20.347332172614262,8.293301805787014,1.1835503683033415,-0.05092951913602928,1.2240272260752558,0.25320790868367404,0.04047685777191434,0.3041374278197033,0.97,True,True,False,True,True,False,-2.101239581771755
phase3b_current_base_stability_1h_2p15_2p15_adx45_runner_rsi85_15_plus_ema100_200_fee04,current_base_stability_1h_2p15_2p15,managed,45.0,runner_rsi85_15_plus_ema100_200,200,14260.599983571472,1.2281729854372663,55.00000000000001,33.875612386429076,113,87,3669.3063879999922,10591.29359557148,1.0991324027482383,1.4155913567563543,0.31645895400811597,,,,,,,current_symmetric,base w11/r12/lb20 + 1h SL2.15/TP2.15,200,0,3812.0303071275575,10448.569676443914,1.2024903895381285,0.025682595899137795,57.49999999999999,-2.499999999999986,20.347332172614262,13.528280213814813,1.1835503683033415,-0.08441796555510317,1.2240272260752558,0.19156413068109845,0.04047685777191434,0.2759820962362016,1.0,True,True,False,True,True,False,-19.559373085995965
phase3b_current_base_stability_1h_2p15_2p15_adx45_runner_rsi90_10_plus_ema100_200_fee04,current_base_stability_1h_2p15_2p15,managed,45.0,runner_rsi90_10_plus_ema100_200,197,18187.666925714333,1.2890164729213873,54.314720812182735,27.140471698468914,112,85,3686.1773979999925,14501.489527714339,1.0998318635673676,1.5576282026569375,0.45779633908956985,,,,,,,current_symmetric,base w11/r12/lb20 + 1h SL2.15/TP2.15,200,-3,3812.0303071275575,14375.636618586776,1.2024903895381285,0.08652608338325884,57.49999999999999,-3.185279187817258,20.347332172614262,6.793139525854652,1.1835503683033415,-0.08371850473597386,1.2240272260752558,0.33360097658168164,0.04047685777191434,0.4173194813176555,0.985,True,True,False,True,True,False,1.0955762788502437
phase3b_high_sample_relaxed_1h_1p75_4p38_adx40_runner_no_signal_fee04,high_sample_relaxed_1h_1p75_4p38,managed,40.0,runner_no_signal,18,-2538.504274999997,0.0,0.0,25.385042749999954,11,7,-1514.92955,-1023.5747249999972,0.0,0.0,0.0,,,,,,,high_sample_relaxed,base w9/r10/lb20 + 1h SL1.75/TP4.38,327,-309,15105.97809198852,-17644.482366988515,1.3535255946327924,-1.3535255946327924,36.391437308868504,-36.391437308868504,23.56215086856365,1.8228918814363055,1.2916867025352272,-1.2916867025352272,1.4196292185158061,-1.4196292185158061,0.12794251598057893,-0.12794251598057893,0.05504587155963303,False,False,True,False,True,False,-156.64282559314037
phase3b_high_sample_relaxed_1h_1p75_4p38_adx40_runner_rsi85_15_fee04,high_sample_relaxed_1h_1p75_4p38,managed,40.0,runner_rsi85_15,339,35744.939587885754,1.277365350733683,44.24778761061947,59.95825068020753,191,148,19119.945126599952,16624.9944612858,1.2689917061897393,1.2876641478397468,0.018672441650007476,,,,,,,high_sample_relaxed,base w9/r10/lb20 + 1h SL1.75/TP4.38,327,12,15105.97809198852,20638.961495897234,1.3535255946327924,-0.07616024389910936,36.391437308868504,7.856350301750965,23.56215086856365,36.39609981164388,1.2916867025352272,-0.022694996345487883,1.4196292185158061,-0.13196507067605934,0.12794251598057893,-0.10927007433057145,1.036697247706422,False,True,True,True,False,False,-59.769262517301456
phase3b_high_sample_relaxed_1h_1p75_4p38_adx40_runner_rsi90_10_fee04,high_sample_relaxed_1h_1p75_4p38,managed,40.0,runner_rsi90_10,321,51490.21485288573,1.359820004044837,38.62928348909657,61.735018559332566,179,142,26711.587401599925,24778.627451285804,1.352153168639163,1.3684678223986049,0.016314653759441855,,,,,,,high_sample_relaxed,base w9/r10/lb20 + 1h SL1.75/TP4.38,327,-6,15105.97809198852,36384.23676089721,1.3535255946327924,0.00629440941204451,36.391437308868504,2.2378461802280682,23.56215086856365,38.17286769076892,1.2916867025352272,0.0604664661039358,1.4196292185158061,-0.051161396117201274,0.12794251598057893,-0.11162786222113708,0.981651376146789,True,True,True,True,False,False,-39.332057679436176
phase3b_high_sample_relaxed_1h_1p75_4p38_adx40_runner_ema100_200_fee04,high_sample_relaxed_1h_1p75_4p38,managed,40.0,runner_ema100_200,301,22593.192333542833,1.2005115692663453,37.87375415282392,102.8327362483316,168,133,9715.952402799949,12877.239930742884,1.157302961031255,1.252931872698899,0.09562891166764387,,,,,,,high_sample_relaxed,base w9/r10/lb20 + 1h SL1.75/TP4.38,327,-26,15105.97809198852,7487.214241554313,1.3535255946327924,-0.15301402536644715,36.391437308868504,1.4823168439554166,23.56215086856365,79.27058537976795,1.2916867025352272,-0.13438374150397214,1.4196292185158061,-0.1666973458169072,0.12794251598057893,-0.03231360431293506,0.9204892966360856,False,True,True,True,False,False,-166.3553590546263
phase3b_high_sample_relaxed_1h_1p75_4p38_adx40_runner_rsi85_15_plus_ema100_200_fee04,high_sample_relaxed_1h_1p75_4p38,managed,40.0,runner_rsi85_15_plus_ema100_200,340,24881.983682885744,1.2060310213321772,42.35294117647059,67.65907480548141,191,149,9473.180376599974,15408.803306285772,1.1422418612571503,1.2844577557231007,0.1422158944659504,,,,,,,high_sample_relaxed,base w9/r10/lb20 + 1h SL1.75/TP4.38,327,13,15105.97809198852,9776.005590897224,1.3535255946327924,-0.14749457330061522,36.391437308868504,5.961503867602083,23.56215086856365,44.09692393691776,1.2916867025352272,-0.1494448412780769,1.4196292185158061,-0.13517146279270542,0.12794251598057893,0.014273378485371468,1.039755351681957,False,True,True,True,False,False,-93.45276718270725
phase3b_high_sample_relaxed_1h_1p75_4p38_adx40_runner_rsi90_10_plus_ema100_200_fee04,high_sample_relaxed_1h_1p75_4p38,managed,40.0,runner_rsi90_10_plus_ema100_200,324,30340.19683788574,1.2533134791803933,40.123456790123456,93.06784547258371,180,144,11186.777846599967,19153.41899128577,1.1708852345744234,1.352670751452451,0.18178551687802758,,,,,,,high_sample_relaxed,base w9/r10/lb20 + 1h SL1.75/TP4.38,327,-3,15105.97809198852,15234.218745897218,1.3535255946327924,-0.10021211545239916,36.391437308868504,3.7320194812549516,23.56215086856365,69.50569460402006,1.2916867025352272,-0.12080146796080382,1.4196292185158061,-0.06695846706335518,0.12794251598057893,0.053843000897448645,0.9908256880733946,False,True,True,True,False,False,-134.8752420253318
phase3b_high_sample_relaxed_1h_1p75_4p38_adx45_runner_no_signal_fee04,high_sample_relaxed_1h_1p75_4p38,managed,45.0,runner_no_signal,19,-2357.5366409999965,0.07095794106751256,5.263157894736842,23.575366409999965,12,7,-1333.9619159999993,-1023.5747249999972,0.11892991445483345,0.0,0.11892991445483345,,,,,,,high_sample_relaxed,base w9/r10/lb20 + 1h SL1.75/TP4.38,327,-308,15105.97809198852,-17463.514732988515,1.3535255946327924,-1.28256765356528,36.391437308868504,-31.12827941413166,23.56215086856365,0.013215541436316869,1.2916867025352272,-1.1727567880803937,1.4196292185158061,-1.4196292185158061,0.12794251598057893,-0.009012601525745484,0.0581039755351682,False,False,True,False,True,False,-145.74671117238915
phase3b_high_sample_relaxed_1h_1p75_4p38_adx45_runner_rsi85_15_fee04,high_sample_relaxed_1h_1p75_4p38,managed,45.0,runner_rsi85_15,336,39532.43585714287,1.2887976619629713,41.07142857142857,39.84802507637259,189,147,22876.450948799946,16655.984908342925,1.29681478812794,1.2784670665461424,0.018347721581797538,,,,,,,high_sample_relaxed,base w9/r10/lb20 + 1h SL1.75/TP4.38,327,9,15105.97809198852,24426.457765154348,1.3535255946327924,-0.06472793266982113,36.391437308868504,4.6799912625600655,23.56215086856365,16.285874207808945,1.2916867025352272,0.005128085592712717,1.4196292185158061,-0.14116215196966375,0.12794251598057893,-0.10959479439878139,1.0275229357798166,False,True,True,True,False,False,-14.618083917445656
phase3b_high_sample_relaxed_1h_1p75_4p38_adx45_runner_rsi90_10_fee04,high_sample_relaxed_1h_1p75_4p38,managed,45.0,runner_rsi90_10,322,39213.80782714288,1.2613422530140184,36.64596273291926,79.55003870890626,181,141,27074.24749879994,12139.560328342943,1.3463988973794758,1.168866388997447,0.17753250838202872,,,,,,,high_sample_relaxed,base w9/r10/lb20 + 1h SL1.75/TP4.38,327,-5,15105.97809198852,24107.829735154362,1.3535255946327924,-0.09218334161877406,36.391437308868504,0.2545254240507546,23.56215086856365,55.98788784034261,1.2916867025352272,0.05471219484424861,1.4196292185158061,-0.25076282951835904,0.12794251598057893,0.04958999240144979,0.9847094801223242,False,True,True,True,False,False,-98.07807995543725
phase3b_high_sample_relaxed_1h_1p75_4p38_adx45_runner_ema100_200_fee04,high_sample_relaxed_1h_1p75_4p38,managed,45.0,runner_ema100_200,306,30899.69312280001,1.2502523420482317,37.58169934640523,81.39080412134241,171,135,10454.497624999975,20445.195497800036,1.1527701339731957,1.3714520438628754,0.21868190988967973,,,,,,,high_sample_relaxed,base w9/r10/lb20 + 1h SL1.75/TP4.38,327,-21,15105.97809198852,15793.71503081149,1.3535255946327924,-0.10327325258456077,36.391437308868504,1.1902620375367263,23.56215086856365,57.828653252778764,1.2916867025352272,-0.1389165685620315,1.4196292185158061,-0.0481771746529307,0.12794251598057893,0.0907393939091008,0.9357798165137615,False,True,True,True,False,False,-112.00570461138413
phase3b_high_sample_relaxed_1h_1p75_4p38_adx45_runner_rsi85_15_plus_ema100_200_fee04,high_sample_relaxed_1h_1p75_4p38,managed,45.0,runner_rsi85_15_plus_ema100_200,337,34147.8610121429,1.2646823206509672,40.652818991097924,36.62201425967434,189,148,16772.70592379999,17375.155088342915,1.2297027884090443,1.3102963995748609,0.08059361116581654,,,,,,,high_sample_relaxed,base w9/r10/lb20 + 1h SL1.75/TP4.38,327,10,15105.97809198852,19041.88292015438,1.3535255946327924,-0.08884327398182523,36.391437308868504,4.26138168222942,23.56215086856365,13.059863391110689,1.2916867025352272,-0.06198391412618287,1.4196292185158061,-0.10933281894094526,0.12794251598057893,-0.047348904814762394,1.0305810397553516,False,True,True,True,True,False,-15.96217126024952
phase3b_high_sample_relaxed_1h_1p75_4p38_adx45_runner_rsi90_10_plus_ema100_200_fee04,high_sample_relaxed_1h_1p75_4p38,managed,45.0,runner_rsi90_10_plus_ema100_200,324,36010.60593714289,1.280076037664091,39.19753086419753,67.38763343735597,182,142,13106.94656379999,22903.659373342907,1.1818270020367565,1.4054485473137148,0.22362154527695832,,,,,,,high_sample_relaxed,base w9/r10/lb20 + 1h SL1.75/TP4.38,327,-3,15105.97809198852,20904.627845154373,1.3535255946327924,-0.07344955696870148,36.391437308868504,2.806093555329028,23.56215086856365,43.825482568792324,1.2916867025352272,-0.10985970049847071,1.4196292185158061,-0.014180671202091322,0.12794251598057893,0.09567902929637939,0.9908256880733946,False,True,True,True,False,False,-76.00487357522802
phase3b_high_sample_relaxed_1h_2p0_6p0_adx40_runner_no_signal_fee04,high_sample_relaxed_1h_2p0_6p0,managed,40.0,runner_no_signal,16,-2709.1917428571464,0.0,0.0,27.091917428571477,8,8,-1434.0038000000018,-1275.187942857145,0.0,0.0,0.0,,,,,,,high_sample_relaxed,base w9/r10/lb20 + 1h SL2.0/TP6.0,301,-285,20234.53384251585,-22943.725585373,1.3045688840798049,-1.3045688840798049,32.22591362126246,-32.22591362126246,26.920899470236527,0.17101795833495004,1.3521653922209038,-1.3521653922209038,1.2566320115032326,-1.2566320115032326,0.09553338071767126,-0.09553338071767126,0.053156146179401995,False,False,True,False,True,False,-153.74264991002337
phase3b_high_sample_relaxed_1h_2p0_6p0_adx40_runner_rsi85_15_fee04,high_sample_relaxed_1h_2p0_6p0,managed,40.0,runner_rsi85_15,334,31615.247251428562,1.2287542799734221,46.10778443113773,57.22630481617854,188,146,12353.44267999995,19261.804571428613,1.1568471700893457,1.3240266314909725,0.16717946140162687,,,,,,,high_sample_relaxed,base w9/r10/lb20 + 1h SL2.0/TP6.0,301,33,20234.53384251585,11380.71340891271,1.3045688840798049,-0.07581460410638274,32.22591362126246,13.881870809875274,26.920899470236527,30.305405345942013,1.3521653922209038,-0.19531822213155814,1.2566320115032326,0.06739461998773999,0.09553338071767126,0.07164608068395562,1.1096345514950166,False,True,True,True,False,False,-58.24447930728871
phase3b_high_sample_relaxed_1h_2p0_6p0_adx40_runner_rsi90_10_fee04,high_sample_relaxed_1h_2p0_6p0,managed,40.0,runner_rsi90_10,313,51697.96913142851,1.3374412648914225,40.57507987220447,27.601901278730057,174,139,19065.02031999992,32632.948811428592,1.2257291135778061,1.4746880102148232,0.2489588966370171,,,,,,,high_sample_relaxed,base w9/r10/lb20 + 1h SL2.0/TP6.0,301,12,20234.53384251585,31463.435288912657,1.3045688840798049,0.032872380811617585,32.22591362126246,8.349166250942012,26.920899470236527,0.6810018084935301,1.3521653922209038,-0.1264362786430977,1.2566320115032326,0.21805599871159065,0.09553338071767126,0.15342551591934583,1.0398671096345515,True,True,True,True,True,True,30.32015943470044
phase3b_high_sample_relaxed_1h_2p0_6p0_adx40_runner_ema100_200_fee04,high_sample_relaxed_1h_2p0_6p0,managed,40.0,runner_ema100_200,293,13453.489411428502,1.1158209898180595,38.56655290102389,85.42263609302174,162,131,3417.324719999925,10036.164691428577,1.0540090614667743,1.1897753912326352,0.1357663297658609,,,,,,,high_sample_relaxed,base w9/r10/lb20 + 1h SL2.0/TP6.0,301,-8,20234.53384251585,-6781.04443108735,1.3045688840798049,-0.18874789426174532,32.22591362126246,6.340639279761433,26.920899470236527,58.50173662278521,1.3521653922209038,-0.2981563307541295,1.2566320115032326,-0.06685662027059736,0.09553338071767126,0.04023294904818964,0.973421926910299,False,False,True,True,False,False,-143.4639660837961
phase3b_high_sample_relaxed_1h_2p0_6p0_adx40_runner_rsi85_15_plus_ema100_200_fee04,high_sample_relaxed_1h_2p0_6p0,managed,40.0,runner_rsi85_15_plus_ema100_200,335,24474.63655999999,1.195192295599009,43.582089552238806,60.510030718885844,188,147,5427.99967999996,19046.63688000003,1.0763898102827811,1.350568492388662,0.2741786821058809,,,,,,,high_sample_relaxed,base w9/r10/lb20 + 1h SL2.0/TP6.0,301,34,20234.53384251585,4240.10271748414,1.3045688840798049,-0.10937658848079579,32.22591362126246,11.356175930976349,26.920899470236527,33.589131248649316,1.3521653922209038,-0.2757755819381227,1.2566320115032326,0.0939364808854295,0.09553338071767126,0.17864530138820967,1.1129568106312293,False,True,True,True,False,False,-77.44872465565827
phase3b_high_sample_relaxed_1h_2p0_6p0_adx40_runner_rsi90_10_plus_ema100_200_fee04,high_sample_relaxed_1h_2p0_6p0,managed,40.0,runner_rsi90_10_plus_ema100_200,319,26450.133959999966,1.2145670540197637,41.06583072100313,72.49879430769201,177,142,6209.563759999935,20240.57020000003,1.0911817461799942,1.3668686734854905,0.27568692730549627,,,,,,,high_sample_relaxed,base w9/r10/lb20 + 1h SL2.0/TP6.0,301,18,20234.53384251585,6215.600117484115,1.3045688840798049,-0.09000183006004114,32.22591362126246,8.839917099740674,26.920899470236527,45.57789483745548,1.3521653922209038,-0.2609836460409096,1.2566320115032326,0.1102366619822579,0.09553338071767126,0.180153546587825,1.0598006644518272,False,True,True,True,False,False,-97.54344349518747
phase3b_high_sample_relaxed_1h_2p0_6p0_adx45_runner_no_signal_fee04,high_sample_relaxed_1h_2p0_6p0,managed,45.0,runner_no_signal,16,-2709.1917428571464,0.0,0.0,27.091917428571477,8,8,-1434.0038000000018,-1275.187942857145,0.0,0.0,0.0,,,,,,,high_sample_relaxed,base w9/r10/lb20 + 1h SL2.0/TP6.0,301,-285,20234.53384251585,-22943.725585373,1.3045688840798049,-1.3045688840798049,32.22591362126246,-32.22591362126246,26.920899470236527,0.17101795833495004,1.3521653922209038,-1.3521653922209038,1.2566320115032326,-1.2566320115032326,0.09553338071767126,-0.09553338071767126,0.053156146179401995,False,False,True,False,True,False,-153.74264991002337
phase3b_high_sample_relaxed_1h_2p0_6p0_adx45_runner_rsi85_15_fee04,high_sample_relaxed_1h_2p0_6p0,managed,45.0,runner_rsi85_15,330,33337.24427428571,1.2230702897704693,42.42424242424242,48.75965032664712,185,145,9626.264999999956,23710.979274285753,1.1101076505972696,1.38230367577398,0.2721960251767104,,,,,,,high_sample_relaxed,base w9/r10/lb20 + 1h SL2.0/TP6.0,301,29,20234.53384251585,13102.710431769858,1.3045688840798049,-0.08149859430933559,32.22591362126246,10.198328802979965,26.920899470236527,21.83875085641059,1.3521653922209038,-0.24205774162363425,1.2566320115032326,0.12567166427074739,0.09553338071767126,0.17666264445903912,1.0963455149501662,False,True,True,True,False,False,-42.257903601165665
phase3b_high_sample_relaxed_1h_2p0_6p0_adx45_runner_rsi90_10_fee04,high_sample_relaxed_1h_2p0_6p0,managed,45.0,runner_rsi90_10,310,53104.06289714281,1.3277171301720205,37.41935483870968,40.12693752279224,173,137,13465.26459999994,39638.798297142865,1.1555478615523467,1.5251863656221845,0.3696385040698378,,,,,,,high_sample_relaxed,base w9/r10/lb20 + 1h SL2.0/TP6.0,301,9,20234.53384251585,32869.52905462695,1.3045688840798049,0.023148246092215663,32.22591362126246,5.193441217447223,26.920899470236527,13.206038052555712,1.3521653922209038,-0.19661753066855714,1.2566320115032326,0.2685543541189519,0.09553338071767126,0.2741051233521665,1.0299003322259137,True,True,False,True,True,False,3.290175091693764
phase3b_high_sample_relaxed_1h_2p0_6p0_adx45_runner_ema100_200_fee04,high_sample_relaxed_1h_2p0_6p0,managed,45.0,runner_ema100_200,292,21187.831411428542,1.1660333780729402,38.6986301369863,34.24206055810243,162,130,1851.500559999981,19336.330851428564,1.0260238520756242,1.3424445137450767,0.3164206616694525,,,,,,,high_sample_relaxed,base w9/r10/lb20 + 1h SL2.0/TP6.0,301,-9,20234.53384251585,953.2975689126906,1.3045688840798049,-0.1385355060068647,32.22591362126246,6.472716515723846,26.920899470236527,7.321161087865903,1.3521653922209038,-0.32614154014527963,1.2566320115032326,0.08581250224184411,0.09553338071767126,0.22088728095178123,0.9700996677740864,False,True,False,True,True,False,-31.96032082654121
phase3b_high_sample_relaxed_1h_2p0_6p0_adx45_runner_rsi85_15_plus_ema100_200_fee04,high_sample_relaxed_1h_2p0_6p0,managed,45.0,runner_rsi85_15_plus_ema100_200,331,31202.376291428594,1.2280853926599824,41.69184290030212,41.652027772109825,185,146,8810.020199999984,22392.35609142861,1.1097786218359615,1.3959836529925034,0.28620503115654183,,,,,,,high_sample_relaxed,base w9/r10/lb20 + 1h SL2.0/TP6.0,301,30,20234.53384251585,10967.842448912743,1.3045688840798049,-0.07648349141982247,32.22591362126246,9.465929279039663,26.920899470236527,14.731128301873298,1.3521653922209038,-0.24238677038494227,1.2566320115032326,0.13935164148927082,0.09553338071767126,0.19067165043887058,1.0996677740863787,False,True,True,True,True,False,-29.95619630559351
phase3b_high_sample_relaxed_1h_2p0_6p0_adx45_runner_rsi90_10_plus_ema100_200_fee04,high_sample_relaxed_1h_2p0_6p0,managed,45.0,runner_rsi90_10_plus_ema100_200,313,49616.64133142857,1.375372576021717,40.57507987220447,26.680558279850164,175,138,6386.531599999985,43230.10973142858,1.0838297798508483,1.7720324536831853,0.688202673832337,,,,,,,high_sample_relaxed,base w9/r10/lb20 + 1h SL2.0/TP6.0,301,12,20234.53384251585,29382.107488912716,1.3045688840798049,0.07080369194191216,32.22591362126246,8.349166250942012,26.920899470236527,-0.24034119038636348,1.3521653922209038,-0.26833561237005554,1.2566320115032326,0.5154004421799527,0.09553338071767126,0.5926692931146658,1.0398671096345515,True,True,False,True,True,False,24.609090820810614
phase3b_high_sample_relaxed_1h_1p75_6p12_adx40_runner_no_signal_fee04,high_sample_relaxed_1h_1p75_6p12,managed,40.0,runner_no_signal,18,-2538.504274999997,0.0,0.0,25.385042749999954,11,7,-1514.92955,-1023.5747249999972,0.0,0.0,0.0,,,,,,,high_sample_relaxed,base w9/r10/lb20 + 1h SL1.75/TP6.12,304,-286,14508.315557515216,-17046.81983251521,1.3039145457075956,-1.3039145457075956,28.947368421052634,-28.947368421052634,26.31128643484899,-0.9262436848490374,1.2883441263644213,-1.2883441263644213,1.3205312544546213,-1.3205312544546213,0.03218712809019997,-0.03218712809019997,0.05921052631578947,False,False,True,False,True,False,-147.43827440327476
phase3b_high_sample_relaxed_1h_1p75_6p12_adx40_runner_rsi85_15_fee04,high_sample_relaxed_1h_1p75_6p12,managed,40.0,runner_rsi85_15,335,32939.119345257204,1.2537664968051352,42.68656716417911,59.810812800511236,189,146,15238.762317399996,17700.35702785721,1.2094839701736728,1.3102244752906642,0.1007405051169914,,,,,,,high_sample_relaxed,base w9/r10/lb20 + 1h SL1.75/TP6.12,304,31,14508.315557515216,18430.80378774199,1.3039145457075956,-0.050148048902460385,28.947368421052634,13.739198743126476,26.31128643484899,33.49952636566225,1.2883441263644213,-0.07886015619074849,1.3205312544546213,-0.010306779163957058,0.03218712809019997,0.06855337702679143,1.1019736842105263,False,True,True,True,False,False,-54.95412137436437
phase3b_high_sample_relaxed_1h_1p75_6p12_adx40_runner_rsi90_10_fee04,high_sample_relaxed_1h_1p75_6p12,managed,40.0,runner_rsi90_10,317,46050.91541725717,1.3182532710636412,36.59305993690852,53.700454305061484,177,140,20184.42039939996,25866.495017857214,1.2581534744680645,1.3889038984290996,0.1307504239610351,,,,,,,high_sample_relaxed,base w9/r10/lb20 + 1h SL1.75/TP6.12,304,13,14508.315557515216,31542.599859741957,1.3039145457075956,0.014338725356045634,28.947368421052634,7.645691515855884,26.31128643484899,27.389167870212493,1.2883441263644213,-0.030190651896356835,1.3205312544546213,0.06837264397447829,0.03218712809019997,0.09856329587083512,1.042763157894737,True,True,True,True,False,False,-23.773129262495168
phase3b_high_sample_relaxed_1h_1p75_6p12_adx40_runner_ema100_200_fee04,high_sample_relaxed_1h_1p75_6p12,managed,40.0,runner_ema100_200,295,16741.12751025712,1.150395209025593,36.610169491525426,111.6795745435073,164,131,3343.967172399961,13397.160337857158,1.0541011617225595,1.2706239647498072,0.2165228030272477,,,,,,,high_sample_relaxed,base w9/r10/lb20 + 1h SL1.75/TP6.12,304,-9,14508.315557515216,2232.811952741904,1.3039145457075956,-0.15351933668200268,28.947368421052634,7.662801070472792,26.31128643484899,85.3682881086583,1.2883441263644213,-0.23424296464186178,1.3205312544546213,-0.04990728970481406,0.03218712809019997,0.18433567493704772,0.9703947368421053,False,True,True,True,False,False,-187.54241143151592
phase3b_high_sample_relaxed_1h_1p75_6p12_adx40_runner_rsi85_15_plus_ema100_200_fee04,high_sample_relaxed_1h_1p75_6p12,managed,40.0,runner_rsi85_15_plus_ema100_200,336,23693.702540257196,1.1975761564430953,41.07142857142857,67.49034132371487,189,147,6695.318562400011,16998.383977857186,1.0996920336404188,1.322171834592573,0.22247980095215425,,,,,,,high_sample_relaxed,base w9/r10/lb20 + 1h SL1.75/TP6.12,304,32,14508.315557515216,9185.38698274198,1.3039145457075956,-0.10633838926450023,28.947368421052634,12.124060150375936,26.31128643484899,41.17905488886588,1.2883441263644213,-0.18865209272400252,1.3205312544546213,0.0016405801379517637,0.03218712809019997,0.19029267286195428,1.105263157894737,False,True,True,True,False,False,-87.61241517867889
phase3b_high_sample_relaxed_1h_1p75_6p12_adx40_runner_rsi90_10_plus_ema100_200_fee04,high_sample_relaxed_1h_1p75_6p12,managed,40.0,runner_rsi90_10_plus_ema100_200,321,26327.95003725717,1.2213789857327557,38.940809968847354,100.36150552242819,179,142,5584.950374399987,20742.999662857183,1.0845889293102862,1.3920990385225434,0.3075101092122572,,,,,,,high_sample_relaxed,base w9/r10/lb20 + 1h SL1.75/TP6.12,304,17,14508.315557515216,11819.634479741955,1.3039145457075956,-0.08253555997483986,28.947368421052634,9.99344154779472,26.31128643484899,74.0502190875792,1.2883441263644213,-0.20375519705413514,1.3205312544546213,0.07156778406792208,0.03218712809019997,0.2753229811220572,1.055921052631579,False,True,False,True,False,False,-150.04081931534157
phase3b_high_sample_relaxed_1h_1p75_6p12_adx45_runner_no_signal_fee04,high_sample_relaxed_1h_1p75_6p12,managed,45.0,runner_no_signal,18,-2538.504274999997,0.0,0.0,25.385042749999954,11,7,-1514.92955,-1023.5747249999972,0.0,0.0,0.0,,,,,,,high_sample_relaxed,base w9/r10/lb20 + 1h SL1.75/TP6.12,304,-286,14508.315557515216,-17046.81983251521,1.3039145457075956,-1.3039145457075956,28.947368421052634,-28.947368421052634,26.31128643484899,-0.9262436848490374,1.2883441263644213,-1.2883441263644213,1.3205312544546213,-1.3205312544546213,0.03218712809019997,-0.03218712809019997,0.05921052631578947,False,False,True,False,True,False,-147.43827440327476
phase3b_high_sample_relaxed_1h_1p75_6p12_adx45_runner_rsi85_15_fee04,high_sample_relaxed_1h_1p75_6p12,managed,45.0,runner_rsi85_15,330,30888.45272082862,1.2209120085755325,38.484848484848484,54.33730445512695,185,145,9326.69186159998,21561.760859228638,1.1160318635870419,1.362736198945226,0.24670433535818415,,,,,,,high_sample_relaxed,base w9/r10/lb20 + 1h SL1.75/TP6.12,304,26,14508.315557515216,16380.137163313404,1.3039145457075956,-0.08300253713206307,28.947368421052634,9.53748006379585,26.31128643484899,28.026018020277956,1.2883441263644213,-0.17231226277737943,1.3205312544546213,0.042204944490604746,0.03218712809019997,0.21451720726798418,1.0855263157894737,False,True,True,True,False,False,-52.2624967358085
phase3b_high_sample_relaxed_1h_1p75_6p12_adx45_runner_rsi90_10_fee04,high_sample_relaxed_1h_1p75_6p12,managed,45.0,runner_rsi90_10,312,45844.88450082861,1.3012305579619385,33.01282051282051,92.26822992968758,174,138,13481.720516599962,32363.163984228646,1.1684440544389663,1.448521409651383,0.2800773552124167,,,,,,,high_sample_relaxed,base w9/r10/lb20 + 1h SL1.75/TP6.12,304,8,14508.315557515216,31336.568943313392,1.3039145457075956,-0.002683987745657035,28.947368421052634,4.065452091767877,26.31128643484899,65.95694349483858,1.2883441263644213,-0.11990007192545504,1.3205312544546213,0.1279901551967617,0.03218712809019997,0.24789022712221676,1.0263157894736843,False,True,True,True,False,False,-105.80352136337382
phase3b_high_sample_relaxed_1h_1p75_6p12_adx45_runner_ema100_200_fee04,high_sample_relaxed_1h_1p75_6p12,managed,45.0,runner_ema100_200,295,20013.295040828587,1.1625680060874617,35.59322033898305,82.61728707779103,164,131,575.354141599994,19437.940899228593,1.008396703189943,1.3560989552756233,0.3477022520856803,,,,,,,high_sample_relaxed,base w9/r10/lb20 + 1h SL1.75/TP6.12,304,-9,14508.315557515216,5504.979483313371,1.3039145457075956,-0.14134653962013388,28.947368421052634,6.645851917930418,26.31128643484899,56.30600064294204,1.2883441263644213,-0.2799474231744783,1.3205312544546213,0.035567700821002024,0.03218712809019997,0.3155151239954803,0.9703947368421053,False,True,False,True,False,False,-127.55197824449371
phase3b_high_sample_relaxed_1h_1p75_6p12_adx45_runner_rsi85_15_plus_ema100_200_fee04,high_sample_relaxed_1h_1p75_6p12,managed,45.0,runner_rsi85_15_plus_ema100_200,331,28356.568865828645,1.2176173905276357,38.670694864048336,43.0657572214416,185,146,7284.983871600016,21071.58499422863,1.0972177459340025,1.3805596845258572,0.28334193859185475,,,,,,,high_sample_relaxed,base w9/r10/lb20 + 1h SL1.75/TP6.12,304,27,14508.315557515216,13848.25330831343,1.3039145457075956,-0.08629715517995984,28.947368421052634,9.723326442995702,26.31128643484899,16.75447078659261,1.2883441263644213,-0.19112638043041885,1.3205312544546213,0.06002843007123593,0.03218712809019997,0.2511548105016548,1.0888157894736843,False,True,True,True,False,False,-33.313499992900866
phase3b_high_sample_relaxed_1h_1p75_6p12_adx45_runner_rsi90_10_plus_ema100_200_fee04,high_sample_relaxed_1h_1p75_6p12,managed,45.0,runner_rsi90_10_plus_ema100_200,315,46297.131815828616,1.3619514129499941,37.46031746031746,70.47475985720799,176,139,4939.951536600014,41357.1802792286,1.0679586718101528,1.7489627932904939,0.6810041214803411,,,,,,,high_sample_relaxed,base w9/r10/lb20 + 1h SL1.75/TP6.12,304,11,14508.315557515216,31788.8162583134,1.3039145457075956,0.05803686724239854,28.947368421052634,8.512949039264829,26.31128643484899,44.16347342235899,1.2883441263644213,-0.2203854545542685,1.3205312544546213,0.4284315388358726,0.03218712809019997,0.6488169933901411,1.0361842105263157,True,True,False,True,False,False,-63.710783729967545
phase3b_oneh_symmetric_1h_2p0_6p0_adx40_runner_no_signal_fee04,oneh_symmetric_1h_2p0_6p0,managed,40.0,runner_no_signal,1,-175.4367999999996,0.0,0.0,1.754367999999995,1,0,-175.4367999999996,0.0,0.0,,0.0,,,,,,,oneh_width_balanced,1h w1.9/r2.75/lb35 + 1h SL2.0/TP6.0,157,-156,27509.409741463573,-27684.846541463572,1.7029545280757132,-1.7029545280757132,38.853503184713375,-38.853503184713375,19.87281940555731,-18.118451405557312,1.737700484678206,-1.737700484678206,1.6438012799221655,,0.09389920475604052,-0.09389920475604052,0.006369426751592357,False,False,True,False,True,False,-197.9802993490349
phase3b_oneh_symmetric_1h_2p0_6p0_adx40_runner_rsi85_15_fee04,oneh_symmetric_1h_2p0_6p0,managed,40.0,runner_rsi85_15,161,18459.045062857145,1.2608773484840312,45.3416149068323,50.09330517806063,109,52,16798.127919999995,1660.9171428571517,1.3460264706116623,1.0747764326018818,0.2712500380097804,,,,,,,oneh_width_balanced,1h w1.9/r2.75/lb35 + 1h SL2.0/TP6.0,157,4,27509.409741463573,-9050.364678606427,1.7029545280757132,-0.442077179591682,38.853503184713375,6.488111722118923,19.87281940555731,30.220485772503324,1.737700484678206,-0.3916740140665438,1.6438012799221655,-0.5690248473202837,0.09389920475604052,0.1773508332537399,1.0254777070063694,False,False,True,True,False,False,-117.24607084785607
phase3b_oneh_symmetric_1h_2p0_6p0_adx40_runner_rsi90_10_fee04,oneh_symmetric_1h_2p0_6p0,managed,40.0,runner_rsi90_10,153,31514.492582857136,1.4412703993404816,41.830065359477125,29.8323087033194,102,51,19900.72324,11613.769342857137,1.4154761940074605,1.493802525481469,0.07832633147400858,,,,,,,oneh_width_balanced,1h w1.9/r2.75/lb35 + 1h SL2.0/TP6.0,157,-4,27509.409741463573,4005.0828413935633,1.7029545280757132,-0.2616841287352316,38.853503184713375,2.9765621747637496,19.87281940555731,9.95948929776209,1.737700484678206,-0.32222429067074554,1.6438012799221655,-0.14999875444069644,0.09389920475604052,-0.01557287328203194,0.9745222929936306,False,True,True,True,True,False,-42.082308627653774
phase3b_oneh_symmetric_1h_2p0_6p0_adx40_runner_ema100_200_fee04,oneh_symmetric_1h_2p0_6p0,managed,40.0,runner_ema100_200,148,16382.322519999987,1.2808351607337443,41.21621621621622,43.464782910879805,99,49,14777.76747999998,1604.5550400000068,1.3920915959822837,1.077722295117512,0.31436930086477166,,,,,,,oneh_width_balanced,1h w1.9/r2.75/lb35 + 1h SL2.0/TP6.0,157,-9,27509.409741463573,-11127.087221463586,1.7029545280757132,-0.422119367341969,38.853503184713375,2.3627130315028424,19.87281940555731,23.591963505322497,1.737700484678206,-0.3456088886959223,1.6438012799221655,-0.5660789848046535,0.09389920475604052,0.22047009610873114,0.9426751592356688,False,False,False,True,False,False,-104.9323528884801
phase3b_oneh_symmetric_1h_2p0_6p0_adx40_runner_rsi85_15_plus_ema100_200_fee04,oneh_symmetric_1h_2p0_6p0,managed,40.0,runner_rsi85_15_plus_ema100_200,161,16905.637885714284,1.2689413167336705,45.3416149068323,52.30568105157267,109,52,15387.84939999999,1517.7884857142956,1.364912704727481,1.0733536833770305,0.2915590213504504,,,,,,,oneh_width_balanced,1h w1.9/r2.75/lb35 + 1h SL2.0/TP6.0,157,4,27509.409741463573,-10603.771855749288,1.7029545280757132,-0.43401321134204274,38.853503184713375,6.488111722118923,19.87281940555731,32.43286164601536,1.737700484678206,-0.3727877799507251,1.6438012799221655,-0.570447596545135,0.09389920475604052,0.1976598165944099,1.0254777070063694,False,False,True,True,False,False,-122.82401261387247
phase3b_oneh_symmetric_1h_2p0_6p0_adx40_runner_rsi90_10_plus_ema100_200_fee04,oneh_symmetric_1h_2p0_6p0,managed,40.0,runner_rsi90_10_plus_ema100_200,156,15832.650205714288,1.254940802891051,43.58974358974359,51.036623726683985,105,51,7463.549639999987,8369.1005657143,1.1816400082010055,1.3982734726171933,0.2166334644161878,,,,,,,oneh_width_balanced,1h w1.9/r2.75/lb35 + 1h SL2.0/TP6.0,157,-1,27509.409741463573,-11676.759535749285,1.7029545280757132,-0.4480137251846623,38.853503184713375,4.736240405030216,19.87281940555731,31.163804321126676,1.737700484678206,-0.5560604764772006,1.6438012799221655,-0.24552780730497226,0.09389920475604052,0.12273425966014728,0.9936305732484076,False,False,True,True,False,False,-121.26042588967181
phase3b_oneh_symmetric_1h_2p0_6p0_adx45_runner_no_signal_fee04,oneh_symmetric_1h_2p0_6p0,managed,45.0,runner_no_signal,1,-175.4367999999996,0.0,0.0,1.754367999999995,1,0,-175.4367999999996,0.0,0.0,,0.0,,,,,,,oneh_width_balanced,1h w1.9/r2.75/lb35 + 1h SL2.0/TP6.0,157,-156,27509.409741463573,-27684.846541463572,1.7029545280757132,-1.7029545280757132,38.853503184713375,-38.853503184713375,19.87281940555731,-18.118451405557312,1.737700484678206,-1.737700484678206,1.6438012799221655,,0.09389920475604052,-0.09389920475604052,0.006369426751592357,False,False,True,False,True,False,-197.9802993490349
phase3b_oneh_symmetric_1h_2p0_6p0_adx45_runner_rsi85_15_fee04,oneh_symmetric_1h_2p0_6p0,managed,45.0,runner_rsi85_15,159,17635.013434285713,1.2337985169224603,42.76729559748428,52.2761471495792,107,52,16794.710119999978,840.303314285734,1.3273572371188864,1.034832192756997,0.2925250443618894,,,,,,,oneh_width_balanced,1h w1.9/r2.75/lb35 + 1h SL2.0/TP6.0,157,2,27509.409741463573,-9874.39630717786,1.7029545280757132,-0.4691560111532529,38.853503184713375,3.9137924127709027,19.87281940555731,32.403327744021894,1.737700484678206,-0.4103432475593196,1.6438012799221655,-0.6089690871651685,0.09389920475604052,0.1986258396058489,1.0127388535031847,False,False,True,True,False,False,-125.56916970266391
phase3b_oneh_symmetric_1h_2p0_6p0_adx45_runner_rsi90_10_fee04,oneh_symmetric_1h_2p0_6p0,managed,45.0,runner_rsi90_10,154,41790.58508571426,1.558506194343642,40.25974025974026,34.34634381124767,103,51,17660.38259999997,24130.202485714286,1.3546557349147974,1.964059084671991,0.6094033497571936,,,,,,,oneh_width_balanced,1h w1.9/r2.75/lb35 + 1h SL2.0/TP6.0,157,-3,27509.409741463573,14281.175344250685,1.7029545280757132,-0.14444833373207122,38.853503184713375,1.4062370750268869,19.87281940555731,14.473524405690362,1.737700484678206,-0.38304474976340863,1.6438012799221655,0.32025780474982546,0.09389920475604052,0.515504145001153,0.9808917197452229,False,True,False,True,True,False,-39.42078974036022
phase3b_oneh_symmetric_1h_2p0_6p0_adx45_runner_ema100_200_fee04,oneh_symmetric_1h_2p0_6p0,managed,45.0,runner_ema100_200,151,12207.763754285712,1.185494658871583,41.05960264900662,46.59429242630433,102,49,8107.26787999999,4100.495874285722,1.1809521362599744,1.1951821572037908,0.014230020943816424,,,,,,,oneh_width_balanced,1h w1.9/r2.75/lb35 + 1h SL2.0/TP6.0,157,-6,27509.409741463573,-15301.64598717786,1.7029545280757132,-0.5174598692041303,38.853503184713375,2.2060994642932457,19.87281940555731,26.72147302074702,1.737700484678206,-0.5567483484182316,1.6438012799221655,-0.4486191227183747,0.09389920475604052,-0.0796691838122241,0.9617834394904459,False,False,True,True,False,False,-120.49057894908493
phase3b_oneh_symmetric_1h_2p0_6p0_adx45_runner_rsi85_15_plus_ema100_200_fee04,oneh_symmetric_1h_2p0_6p0,managed,45.0,runner_rsi85_15_plus_ema100_200,159,18130.00784000001,1.2629499064354444,44.0251572327044,52.23825020323161,107,52,15674.10139999999,2455.90644000002,1.3294869717889346,1.1148838945306672,0.21460307725826744,,,,,,,oneh_width_balanced,1h w1.9/r2.75/lb35 + 1h SL2.0/TP6.0,157,2,27509.409741463573,-9379.401901463563,1.7029545280757132,-0.4400046216402689,38.853503184713375,5.1716540479910265,19.87281940555731,32.3654307976743,1.737700484678206,-0.40821351288927143,1.6438012799221655,-0.5289173853914984,0.09389920475604052,0.12070387250222692,1.0127388535031847,False,False,True,True,False,False,-120.5248031108836
phase3b_oneh_symmetric_1h_2p0_6p0_adx45_runner_rsi90_10_plus_ema100_200_fee04,oneh_symmetric_1h_2p0_6p0,managed,45.0,runner_rsi90_10_plus_ema100_200,156,32844.91224000001,1.481581852049677,42.94871794871795,41.1063107650655,105,51,9655.943239999993,23188.969000000023,1.2062140875713787,2.084747784150478,0.8785336965790993,,,,,,,oneh_width_balanced,1h w1.9/r2.75/lb35 + 1h SL2.0/TP6.0,157,-1,27509.409741463573,5335.50249853644,1.7029545280757132,-0.22137267602603616,38.853503184713375,4.095214764004574,19.87281940555731,21.233491359508193,1.737700484678206,-0.5314863971068273,1.6438012799221655,0.4409465042283125,0.09389920475604052,0.7846344918230588,0.9936305732484076,False,True,False,True,False,False,-74.96143765954473
phase3b_oneh_perf_sym_1h_2p0_6p0_adx40_runner_no_signal_fee04,oneh_perf_sym_1h_2p0_6p0,managed,40.0,runner_no_signal,1,-175.4367999999996,0.0,0.0,1.754367999999995,1,0,-175.4367999999996,0.0,0.0,,0.0,,,,,,,oneh_width_balanced,1h w2.2/r2.75/lb35 + 1h SL2.0/TP6.0,153,-152,28306.67416694932,-28482.11096694932,1.7416329363084937,-1.7416329363084937,39.21568627450981,-39.21568627450981,19.87281940555731,-18.118451405557312,1.796749080517693,-1.796749080517693,1.6440094260431104,,0.1527396544745827,-0.1527396544745827,0.006535947712418301,False,False,True,False,True,False,-202.6454045977987
phase3b_oneh_perf_sym_1h_2p0_6p0_adx40_runner_rsi85_15_fee04,oneh_perf_sym_1h_2p0_6p0,managed,40.0,runner_rsi85_15,157,20406.399394285712,1.3042218983947478,45.22292993630573,42.55536490818713,107,50,18342.92643999999,2063.4729542857244,1.391050325682761,1.1023013540571522,0.28874897162560886,,,,,,,oneh_width_balanced,1h w2.2/r2.75/lb35 + 1h SL2.0/TP6.0,153,4,28306.67416694932,-7900.274772663608,1.7416329363084937,-0.4374110379137459,39.21568627450981,6.0072436617959255,19.87281940555731,22.68254550262982,1.796749080517693,-0.405698754834932,1.6440094260431104,-0.5417080719859582,0.1527396544745827,0.13600931715102615,1.026143790849673,False,False,True,True,False,False,-99.72665591231838
phase3b_oneh_perf_sym_1h_2p0_6p0_adx40_runner_rsi90_10_fee04,oneh_perf_sym_1h_2p0_6p0,managed,40.0,runner_rsi90_10,149,34596.60063428571,1.5107456543673465,41.61073825503356,25.475935471668166,100,49,21445.521759999992,13151.078874285713,1.463590552590852,1.6123098377901925,0.14871928519934063,,,,,,,oneh_width_balanced,1h w2.2/r2.75/lb35 + 1h SL2.0/TP6.0,153,-4,28306.67416694932,6289.926467336387,1.7416329363084937,-0.23088728194114716,39.21568627450981,2.3950519805237533,19.87281940555731,5.603116066110857,1.796749080517693,-0.3331585279268412,1.6440094260431104,-0.031699588252917854,0.1527396544745827,-0.004020369275242075,0.9738562091503268,False,True,True,True,True,False,-28.005033859000044
phase3b_oneh_perf_sym_1h_2p0_6p0_adx40_runner_ema100_200_fee04,oneh_perf_sym_1h_2p0_6p0,managed,40.0,runner_ema100_200,144,17721.875771428546,1.3209821499040817,41.66666666666667,43.464782910879805,97,47,15859.422759999972,1862.4530114285735,1.4332237619388786,1.100113143737927,0.33311061820095156,,,,,,,oneh_width_balanced,1h w2.2/r2.75/lb35 + 1h SL2.0/TP6.0,153,-9,28306.67416694932,-10584.798395520775,1.7416329363084937,-0.420650786404412,39.21568627450981,2.4509803921568647,19.87281940555731,23.591963505322497,1.796749080517693,-0.36352531857881454,1.6440094260431104,-0.5438962823051834,0.1527396544745827,0.18037096372636885,0.9411764705882353,False,False,False,True,False,False,-103.44122332113434
phase3b_oneh_perf_sym_1h_2p0_6p0_adx40_runner_rsi85_15_plus_ema100_200_fee04,oneh_perf_sym_1h_2p0_6p0,managed,40.0,runner_rsi85_15_plus_ema100_200,157,18389.84897714285,1.3078465871974299,45.85987261146497,42.25329707003544,107,50,16469.50467999998,1920.3442971428683,1.4008454293178643,1.1029667771097948,0.2978786522080694,,,,,,,oneh_width_balanced,1h w2.2/r2.75/lb35 + 1h SL2.0/TP6.0,153,4,28306.67416694932,-9916.82518980647,1.7416329363084937,-0.43378634911106384,39.21568627450981,6.6441863369551655,19.87281940555731,22.38047766447813,1.796749080517693,-0.39590365119982884,1.6440094260431104,-0.5410426489333156,0.1527396544745827,0.1451389977334867,1.026143790849673,False,False,True,True,False,False,-100.95919538453884
phase3b_oneh_perf_sym_1h_2p0_6p0_adx40_runner_rsi90_10_plus_ema100_200_fee04,oneh_perf_sym_1h_2p0_6p0,managed,40.0,runner_rsi90_10_plus_ema100_200,152,17172.203457142845,1.2911512777117142,44.07894736842105,51.036623726683985,103,49,8545.204919999978,8626.998537142867,1.2135866907871877,1.4547175585706813,0.24113086778349357,,,,,,,oneh_width_balanced,1h w2.2/r2.75/lb35 + 1h SL2.0/TP6.0,153,-1,28306.67416694932,-11134.470709806475,1.7416329363084937,-0.45048165859677947,39.21568627450981,4.863261093911241,19.87281940555731,31.163804321126676,1.796749080517693,-0.5831623897305054,1.6440094260431104,-0.1892918674724291,0.1527396544745827,0.08839121330891087,0.9934640522875817,False,False,True,True,False,False,-120.27806947791599
phase3b_oneh_perf_sym_1h_2p0_6p0_adx45_runner_no_signal_fee04,oneh_perf_sym_1h_2p0_6p0,managed,45.0,runner_no_signal,1,-175.4367999999996,0.0,0.0,1.754367999999995,1,0,-175.4367999999996,0.0,0.0,,0.0,,,,,,,oneh_width_balanced,1h w2.2/r2.75/lb35 + 1h SL2.0/TP6.0,153,-152,28306.67416694932,-28482.11096694932,1.7416329363084937,-1.7416329363084937,39.21568627450981,-39.21568627450981,19.87281940555731,-18.118451405557312,1.796749080517693,-1.796749080517693,1.6440094260431104,,0.1527396544745827,-0.1527396544745827,0.006535947712418301,False,False,True,False,True,False,-202.6454045977987
phase3b_oneh_perf_sym_1h_2p0_6p0_adx45_runner_rsi85_15_fee04,oneh_perf_sym_1h_2p0_6p0,managed,45.0,runner_rsi85_15,155,20610.599165714277,1.2910526740060209,43.225806451612904,42.093574655539555,105,50,19367.74003999997,1242.8591257143069,1.3974427567609,1.0562810302474626,0.34116172651343746,,,,,,,oneh_width_balanced,1h w2.2/r2.75/lb35 + 1h SL2.0/TP6.0,153,2,28306.67416694932,-7696.075001235044,1.7416329363084937,-0.45058026230247283,39.21568627450981,4.010120177103097,19.87281940555731,22.220755249982247,1.796749080517693,-0.3993063237567931,1.6440094260431104,-0.5877283957956478,0.1527396544745827,0.18842207203885475,1.0130718954248366,False,False,False,True,False,False,-100.96405317222393
phase3b_oneh_perf_sym_1h_2p0_6p0_adx45_runner_rsi90_10_fee04,oneh_perf_sym_1h_2p0_6p0,managed,45.0,runner_rsi90_10,150,45900.924537142826,1.6537533988645376,40.666666666666664,34.34634381124767,101,49,20233.41251999996,25667.51201714286,1.4284668706407755,2.1165342609519606,0.6880673903111851,,,,,,,oneh_width_balanced,1h w2.2/r2.75/lb35 + 1h SL2.0/TP6.0,153,-3,28306.67416694932,17594.250370193506,1.7416329363084937,-0.08787953744395605,39.21568627450981,1.4509803921568576,19.87281940555731,14.473524405690362,1.796749080517693,-0.3682822098769176,1.6440094260431104,0.4725248349088502,0.1527396544745827,0.5353277358366024,0.9803921568627451,False,True,False,True,True,False,-30.84730690231487
phase3b_oneh_perf_sym_1h_2p0_6p0_adx45_runner_ema100_200_fee04,oneh_perf_sym_1h_2p0_6p0,managed,45.0,runner_ema100_200,147,15038.69164571427,1.24573959779194,41.49659863945578,41.835656607223214,100,47,10680.297799999982,4358.393845714289,1.252905718300178,1.2297843760678415,0.023121342232336417,,,,,,,oneh_width_balanced,1h w2.2/r2.75/lb35 + 1h SL2.0/TP6.0,153,-6,28306.67416694932,-13267.98252123505,1.7416329363084937,-0.4958933385165536,39.21568627450981,2.2809123649459764,19.87281940555731,21.962837201665906,1.796749080517693,-0.5438433622175152,1.6440094260431104,-0.4142250499752689,0.1527396544745827,-0.1296183122422463,0.9607843137254902,False,False,True,True,False,False,-106.78299077622222
phase3b_oneh_perf_sym_1h_2p0_6p0_adx45_runner_rsi85_15_plus_ema100_200_fee04,oneh_perf_sym_1h_2p0_6p0,managed,45.0,runner_rsi85_15_plus_ema100_200,155,21105.593571428573,1.3280615218350282,44.516129032258064,41.445663292851485,105,50,18247.131319999982,2858.462251428593,1.405508002560056,1.1478307065715987,0.25767729598845723,,,,,,,oneh_width_balanced,1h w2.2/r2.75/lb35 + 1h SL2.0/TP6.0,153,2,28306.67416694932,-7201.080595520747,1.7416329363084937,-0.41357141447346546,39.21568627450981,5.300442757748257,19.87281940555731,21.572843887294177,1.796749080517693,-0.3912410779576372,1.6440094260431104,-0.4961787194715117,0.1527396544745827,0.10493764151387452,1.0130718954248366,False,False,True,True,False,False,-93.80266264773314
phase3b_oneh_perf_sym_1h_2p0_6p0_adx45_runner_rsi90_10_plus_ema100_200_fee04,oneh_perf_sym_1h_2p0_6p0,managed,45.0,runner_rsi90_10_plus_ema100_200,152,35675.84013142857,1.561047888264293,43.42105263157895,38.19993688163606,103,49,12228.973159999985,23446.86697142859,1.2763496231120695,2.2125984555312077,0.9362488324191383,,,,,,,oneh_width_balanced,1h w2.2/r2.75/lb35 + 1h SL2.0/TP6.0,153,-1,28306.67416694932,7369.165964479253,1.7416329363084937,-0.1805850480442006,39.21568627450981,4.2053663570691455,19.87281940555731,18.327117476078755,1.796749080517693,-0.5203994574056237,1.6440094260431104,0.5685890294880973,0.1527396544745827,0.7835091779445555,0.9934640522875817,False,True,False,True,False,False,-63.01375735098943
phase3b_oneh_profit_1h_2p5_5p83_adx40_runner_no_signal_fee04,oneh_profit_1h_2p5_5p83,managed,40.0,runner_no_signal,0,0.0,,,0.0,0,0,0.0,0.0,,,0.0,,,,,,,oneh_width_profit,1h w2/r2.75/lb20 + 1h SL2.5/TP5.83,141,-141,35126.526435022955,-35126.526435022955,1.84648155646024,,46.09929078014184,,22.220422015245134,-22.220422015245134,1.7874648586446862,,1.9793359580483791,,0.19187109940369296,-0.19187109940369296,0.0,False,False,True,False,True,False,
phase3b_oneh_profit_1h_2p5_5p83_adx40_runner_rsi85_15_fee04,oneh_profit_1h_2p5_5p83,managed,40.0,runner_rsi85_15,145,28414.72060611422,1.4856178569656915,52.41379310344828,49.20093391534168,100,45,17969.81385099996,10444.906755114262,1.3897763717498721,1.8416775043916755,0.4519011326418034,,,,,,,oneh_width_profit,1h w2/r2.75/lb20 + 1h SL2.5/TP5.83,141,4,35126.526435022955,-6711.805828908735,1.84648155646024,-0.36086369949454844,46.09929078014184,6.314502323306435,22.220422015245134,26.980511900096545,1.7874648586446862,-0.39768848689481406,1.9793359580483791,-0.1376584536567036,0.19187109940369296,0.26003003323811047,1.0283687943262412,False,False,False,True,False,False,-101.95980024331887
phase3b_oneh_profit_1h_2p5_5p83_adx40_runner_rsi90_10_fee04,oneh_profit_1h_2p5_5p83,managed,40.0,runner_rsi90_10,138,40265.43817897134,1.6551833443663464,47.82608695652174,28.297125092750463,94,44,19694.456390999945,20570.98178797139,1.419354894889651,2.419368586187525,1.000013691297874,,,,,,,oneh_width_profit,1h w2/r2.75/lb20 + 1h SL2.5/TP5.83,141,-3,35126.526435022955,5138.911743948382,1.84648155646024,-0.19129821209389353,46.09929078014184,1.7267961763798994,22.220422015245134,6.076703077505329,1.7874648586446862,-0.36810996375503513,1.9793359580483791,0.440032628139146,0.19187109940369296,0.8081425918941811,0.9787234042553191,False,True,False,True,True,False,-42.30716745833525
phase3b_oneh_profit_1h_2p5_5p83_adx40_runner_ema100_200_fee04,oneh_profit_1h_2p5_5p83,managed,40.0,runner_ema100_200,134,22671.978457542755,1.4889526496370604,47.01492537313433,49.946917680821976,91,43,12828.758720999947,9843.21973654281,1.3557994992736047,1.954511810961074,0.5987123116874693,,,,,,,oneh_width_profit,1h w2/r2.75/lb20 + 1h SL2.5/TP5.83,141,-7,35126.526435022955,-12454.5479774802,1.84648155646024,-0.3575289068231795,46.09929078014184,0.9156345929924896,22.220422015245134,27.72649566557684,1.7874648586446862,-0.4316653593710815,1.9793359580483791,-0.02482414708730518,0.19187109940369296,0.40684121228377634,0.950354609929078,False,False,False,True,False,False,-111.79725423662737
phase3b_oneh_profit_1h_2p5_5p83_adx40_runner_rsi85_15_plus_ema100_200_fee04,oneh_profit_1h_2p5_5p83,managed,40.0,runner_rsi85_15_plus_ema100_200,145,26966.95872468564,1.5438479765678579,51.724137931034484,52.13418656477915,100,45,16756.610040999956,10210.348683685683,1.4275478102884833,1.982415456316873,0.5548676460283897,,,,,,,oneh_width_profit,1h w2/r2.75/lb20 + 1h SL2.5/TP5.83,141,4,35126.526435022955,-8159.567710337316,1.84648155646024,-0.30263357989238204,46.09929078014184,5.624847150892641,22.220422015245134,29.913764549534015,1.7874648586446862,-0.35991704835620286,1.9793359580483791,0.003079498268493852,0.19187109940369296,0.3629965466246967,1.0283687943262412,False,False,False,True,False,False,-105.51038573113748
phase3b_oneh_profit_1h_2p5_5p83_adx40_runner_rsi90_10_plus_ema100_200_fee04,oneh_profit_1h_2p5_5p83,managed,40.0,runner_rsi90_10_plus_ema100_200,141,23182.14498468563,1.4618005388440765,48.93617021276596,63.789051234213844,97,44,6057.859180999949,17124.28580368568,1.1534245407813792,2.5981325320276087,1.4447079912462295,,,,,,,oneh_width_profit,1h w2/r2.75/lb20 + 1h SL2.5/TP5.83,141,0,35126.526435022955,-11944.381450337325,1.84648155646024,-0.38468101761616347,46.09929078014184,2.836879432624116,22.220422015245134,41.56862921896871,1.7874648586446862,-0.634040317863307,1.9793359580483791,0.6187965739792296,0.19187109940369296,1.2528368918425365,1.0,False,False,False,True,False,False,-158.60647948674182
phase3b_oneh_profit_1h_2p5_5p83_adx45_runner_no_signal_fee04,oneh_profit_1h_2p5_5p83,managed,45.0,runner_no_signal,0,0.0,,,0.0,0,0,0.0,0.0,,,0.0,,,,,,,oneh_width_profit,1h w2/r2.75/lb20 + 1h SL2.5/TP5.83,141,-141,35126.526435022955,-35126.526435022955,1.84648155646024,,46.09929078014184,,22.220422015245134,-22.220422015245134,1.7874648586446862,,1.9793359580483791,,0.19187109940369296,-0.19187109940369296,0.0,False,False,True,False,True,False,
phase3b_oneh_profit_1h_2p5_5p83_adx45_runner_rsi85_15_fee04,oneh_profit_1h_2p5_5p83,managed,45.0,runner_rsi85_15,143,22731.27337688563,1.350690151180662,49.65034965034965,50.22311946635715,98,45,15988.143025999934,6743.130350885698,1.319566548488383,1.4559876642934038,0.1364211158050208,,,,,,,oneh_width_profit,1h w2/r2.75/lb20 + 1h SL2.5/TP5.83,141,2,35126.526435022955,-12395.253058137325,1.84648155646024,-0.495791405279578,46.09929078014184,3.551058870207811,22.220422015245134,28.002697451112013,1.7874648586446862,-0.46789831015630323,1.9793359580483791,-0.5233482937549754,0.19187109940369296,-0.05544998359867215,1.0141843971631206,False,False,True,True,False,False,-117.97978848831914
phase3b_oneh_profit_1h_2p5_5p83_adx45_runner_rsi90_10_fee04,oneh_profit_1h_2p5_5p83,managed,45.0,runner_rsi90_10,139,33408.41075402847,1.517683874917663,46.76258992805755,32.7109267396956,95,44,18115.86792599993,15292.542828028541,1.3761592152171516,1.9339368757623852,0.5577776605452336,,,,,,,oneh_width_profit,1h w2/r2.75/lb20 + 1h SL2.5/TP5.83,141,-2,35126.526435022955,-1718.1156809944878,1.84648155646024,-0.3287976815425768,46.09929078014184,0.6632991479157084,22.220422015245134,10.490504724450467,1.7874648586446862,-0.4113056434275346,1.9793359580483791,-0.045399082285993986,0.19187109940369296,0.36590656114154063,0.9858156028368794,False,False,False,True,True,False,-62.89702450698392
phase3b_oneh_profit_1h_2p5_5p83_adx45_runner_ema100_200_fee04,oneh_profit_1h_2p5_5p83,managed,45.0,runner_ema100_200,137,17724.277256885624,1.3328894674179481,48.175182481751825,48.61091074759985,94,43,6609.684745999946,11114.592510885677,1.1560488145276344,2.020885200960985,0.8648363864333506,,,,,,,oneh_width_profit,1h w2/r2.75/lb20 + 1h SL2.5/TP5.83,141,-4,35126.526435022955,-17402.249178137332,1.84648155646024,-0.5135920890422918,46.09929078014184,2.075891701609983,22.220422015245134,26.39048873235472,1.7874648586446862,-0.6314160441170518,1.9793359580483791,0.041549242912605866,0.19187109940369296,0.6729652870296576,0.9716312056737588,False,False,False,True,False,False,-135.00174128766912
phase3b_oneh_profit_1h_2p5_5p83_adx45_runner_rsi85_15_plus_ema100_200_fee04,oneh_profit_1h_2p5_5p83,managed,45.0,runner_rsi85_15_plus_ema100_200,143,25467.771494028493,1.452460683053137,50.349650349650354,41.48303753888953,98,45,16358.198515999948,9109.572978028546,1.3635383800130265,1.8068646555588606,0.44332627554583404,,,,,,,oneh_width_profit,1h w2/r2.75/lb20 + 1h SL2.5/TP5.83,141,2,35126.526435022955,-9658.754940994462,1.84648155646024,-0.3940208734071029,46.09929078014184,4.250359569508511,22.220422015245134,19.2626155236444,1.7874648586446862,-0.42392647863165966,1.9793359580483791,-0.17247130248951859,0.19187109940369296,0.2514551761421411,1.0141843971631206,False,False,False,True,False,False,-92.61517685183637
phase3b_oneh_profit_1h_2p5_5p83_adx45_runner_rsi90_10_plus_ema100_200_fee04,oneh_profit_1h_2p5_5p83,managed,45.0,runner_rsi90_10_plus_ema100_200,141,23344.43180402849,1.421699060343576,49.645390070921984,39.47548828556015,97,44,8966.37962599994,14378.05217802855,1.2034671460019553,2.2735110796316382,1.070043933629683,,,,,,,oneh_width_profit,1h w2/r2.75/lb20 + 1h SL2.5/TP5.83,141,0,35126.526435022955,-11782.094630994467,1.84648155646024,-0.42478249611666397,46.09929078014184,3.546099290780141,22.220422015245134,17.255066270315012,1.7874648586446862,-0.5839977126427309,1.9793359580483791,0.2941751215832591,0.19187109940369296,0.87817283422599,1.0,False,False,False,True,False,False,-106.33393346781068
phase3b_oneh_phase2d_orig_1h_2p0_6p0_adx40_runner_no_signal_fee04,oneh_phase2d_orig_1h_2p0_6p0,managed,40.0,runner_no_signal,1,-175.4367999999996,0.0,0.0,1.754367999999995,1,0,-175.4367999999996,0.0,0.0,,0.0,,,,,,,oneh_width_balanced,1h w2.25/r2.75/lb35 + 1h SL2.0/TP6.0,153,-152,28306.67416694932,-28482.11096694932,1.7416329363084937,-1.7416329363084937,39.21568627450981,-39.21568627450981,19.87281940555731,-18.118451405557312,1.796749080517693,-1.796749080517693,1.6440094260431104,,0.1527396544745827,-0.1527396544745827,0.006535947712418301,False,False,True,False,True,False,-202.6454045977987
phase3b_oneh_phase2d_orig_1h_2p0_6p0_adx40_runner_rsi85_15_fee04,oneh_phase2d_orig_1h_2p0_6p0,managed,40.0,runner_rsi85_15,157,20406.399394285712,1.3042218983947478,45.22292993630573,42.55536490818713,107,50,18342.92643999999,2063.4729542857244,1.391050325682761,1.1023013540571522,0.28874897162560886,,,,,,,oneh_width_balanced,1h w2.25/r2.75/lb35 + 1h SL2.0/TP6.0,153,4,28306.67416694932,-7900.274772663608,1.7416329363084937,-0.4374110379137459,39.21568627450981,6.0072436617959255,19.87281940555731,22.68254550262982,1.796749080517693,-0.405698754834932,1.6440094260431104,-0.5417080719859582,0.1527396544745827,0.13600931715102615,1.026143790849673,False,False,True,True,False,False,-99.72665591231838
phase3b_oneh_phase2d_orig_1h_2p0_6p0_adx40_runner_rsi90_10_fee04,oneh_phase2d_orig_1h_2p0_6p0,managed,40.0,runner_rsi90_10,149,34596.60063428571,1.5107456543673465,41.61073825503356,25.475935471668166,100,49,21445.521759999992,13151.078874285713,1.463590552590852,1.6123098377901925,0.14871928519934063,,,,,,,oneh_width_balanced,1h w2.25/r2.75/lb35 + 1h SL2.0/TP6.0,153,-4,28306.67416694932,6289.926467336387,1.7416329363084937,-0.23088728194114716,39.21568627450981,2.3950519805237533,19.87281940555731,5.603116066110857,1.796749080517693,-0.3331585279268412,1.6440094260431104,-0.031699588252917854,0.1527396544745827,-0.004020369275242075,0.9738562091503268,False,True,True,True,True,False,-28.005033859000044
phase3b_oneh_phase2d_orig_1h_2p0_6p0_adx40_runner_ema100_200_fee04,oneh_phase2d_orig_1h_2p0_6p0,managed,40.0,runner_ema100_200,144,17721.875771428546,1.3209821499040817,41.66666666666667,43.464782910879805,97,47,15859.422759999972,1862.4530114285735,1.4332237619388786,1.100113143737927,0.33311061820095156,,,,,,,oneh_width_balanced,1h w2.25/r2.75/lb35 + 1h SL2.0/TP6.0,153,-9,28306.67416694932,-10584.798395520775,1.7416329363084937,-0.420650786404412,39.21568627450981,2.4509803921568647,19.87281940555731,23.591963505322497,1.796749080517693,-0.36352531857881454,1.6440094260431104,-0.5438962823051834,0.1527396544745827,0.18037096372636885,0.9411764705882353,False,False,False,True,False,False,-103.44122332113434
phase3b_oneh_phase2d_orig_1h_2p0_6p0_adx40_runner_rsi85_15_plus_ema100_200_fee04,oneh_phase2d_orig_1h_2p0_6p0,managed,40.0,runner_rsi85_15_plus_ema100_200,157,18389.84897714285,1.3078465871974299,45.85987261146497,42.25329707003544,107,50,16469.50467999998,1920.3442971428683,1.4008454293178643,1.1029667771097948,0.2978786522080694,,,,,,,oneh_width_balanced,1h w2.25/r2.75/lb35 + 1h SL2.0/TP6.0,153,4,28306.67416694932,-9916.82518980647,1.7416329363084937,-0.43378634911106384,39.21568627450981,6.6441863369551655,19.87281940555731,22.38047766447813,1.796749080517693,-0.39590365119982884,1.6440094260431104,-0.5410426489333156,0.1527396544745827,0.1451389977334867,1.026143790849673,False,False,True,True,False,False,-100.95919538453884
phase3b_oneh_phase2d_orig_1h_2p0_6p0_adx40_runner_rsi90_10_plus_ema100_200_fee04,oneh_phase2d_orig_1h_2p0_6p0,managed,40.0,runner_rsi90_10_plus_ema100_200,152,17172.203457142845,1.2911512777117142,44.07894736842105,51.036623726683985,103,49,8545.204919999978,8626.998537142867,1.2135866907871877,1.4547175585706813,0.24113086778349357,,,,,,,oneh_width_balanced,1h w2.25/r2.75/lb35 + 1h SL2.0/TP6.0,153,-1,28306.67416694932,-11134.470709806475,1.7416329363084937,-0.45048165859677947,39.21568627450981,4.863261093911241,19.87281940555731,31.163804321126676,1.796749080517693,-0.5831623897305054,1.6440094260431104,-0.1892918674724291,0.1527396544745827,0.08839121330891087,0.9934640522875817,False,False,True,True,False,False,-120.27806947791599
phase3b_oneh_phase2d_orig_1h_2p0_6p0_adx45_runner_no_signal_fee04,oneh_phase2d_orig_1h_2p0_6p0,managed,45.0,runner_no_signal,1,-175.4367999999996,0.0,0.0,1.754367999999995,1,0,-175.4367999999996,0.0,0.0,,0.0,,,,,,,oneh_width_balanced,1h w2.25/r2.75/lb35 + 1h SL2.0/TP6.0,153,-152,28306.67416694932,-28482.11096694932,1.7416329363084937,-1.7416329363084937,39.21568627450981,-39.21568627450981,19.87281940555731,-18.118451405557312,1.796749080517693,-1.796749080517693,1.6440094260431104,,0.1527396544745827,-0.1527396544745827,0.006535947712418301,False,False,True,False,True,False,-202.6454045977987
phase3b_oneh_phase2d_orig_1h_2p0_6p0_adx45_runner_rsi85_15_fee04,oneh_phase2d_orig_1h_2p0_6p0,managed,45.0,runner_rsi85_15,155,20610.599165714277,1.2910526740060209,43.225806451612904,42.093574655539555,105,50,19367.74003999997,1242.8591257143069,1.3974427567609,1.0562810302474626,0.34116172651343746,,,,,,,oneh_width_balanced,1h w2.25/r2.75/lb35 + 1h SL2.0/TP6.0,153,2,28306.67416694932,-7696.075001235044,1.7416329363084937,-0.45058026230247283,39.21568627450981,4.010120177103097,19.87281940555731,22.220755249982247,1.796749080517693,-0.3993063237567931,1.6440094260431104,-0.5877283957956478,0.1527396544745827,0.18842207203885475,1.0130718954248366,False,False,False,True,False,False,-100.96405317222393
phase3b_oneh_phase2d_orig_1h_2p0_6p0_adx45_runner_rsi90_10_fee04,oneh_phase2d_orig_1h_2p0_6p0,managed,45.0,runner_rsi90_10,150,45900.924537142826,1.6537533988645376,40.666666666666664,34.34634381124767,101,49,20233.41251999996,25667.51201714286,1.4284668706407755,2.1165342609519606,0.6880673903111851,,,,,,,oneh_width_balanced,1h w2.25/r2.75/lb35 + 1h SL2.0/TP6.0,153,-3,28306.67416694932,17594.250370193506,1.7416329363084937,-0.08787953744395605,39.21568627450981,1.4509803921568576,19.87281940555731,14.473524405690362,1.796749080517693,-0.3682822098769176,1.6440094260431104,0.4725248349088502,0.1527396544745827,0.5353277358366024,0.9803921568627451,False,True,False,True,True,False,-30.84730690231487
phase3b_oneh_phase2d_orig_1h_2p0_6p0_adx45_runner_ema100_200_fee04,oneh_phase2d_orig_1h_2p0_6p0,managed,45.0,runner_ema100_200,147,15038.69164571427,1.24573959779194,41.49659863945578,41.835656607223214,100,47,10680.297799999982,4358.393845714289,1.252905718300178,1.2297843760678415,0.023121342232336417,,,,,,,oneh_width_balanced,1h w2.25/r2.75/lb35 + 1h SL2.0/TP6.0,153,-6,28306.67416694932,-13267.98252123505,1.7416329363084937,-0.4958933385165536,39.21568627450981,2.2809123649459764,19.87281940555731,21.962837201665906,1.796749080517693,-0.5438433622175152,1.6440094260431104,-0.4142250499752689,0.1527396544745827,-0.1296183122422463,0.9607843137254902,False,False,True,True,False,False,-106.78299077622222
phase3b_oneh_phase2d_orig_1h_2p0_6p0_adx45_runner_rsi85_15_plus_ema100_200_fee04,oneh_phase2d_orig_1h_2p0_6p0,managed,45.0,runner_rsi85_15_plus_ema100_200,155,21105.593571428573,1.3280615218350282,44.516129032258064,41.445663292851485,105,50,18247.131319999982,2858.462251428593,1.405508002560056,1.1478307065715987,0.25767729598845723,,,,,,,oneh_width_balanced,1h w2.25/r2.75/lb35 + 1h SL2.0/TP6.0,153,2,28306.67416694932,-7201.080595520747,1.7416329363084937,-0.41357141447346546,39.21568627450981,5.300442757748257,19.87281940555731,21.572843887294177,1.796749080517693,-0.3912410779576372,1.6440094260431104,-0.4961787194715117,0.1527396544745827,0.10493764151387452,1.0130718954248366,False,False,True,True,False,False,-93.80266264773314
phase3b_oneh_phase2d_orig_1h_2p0_6p0_adx45_runner_rsi90_10_plus_ema100_200_fee04,oneh_phase2d_orig_1h_2p0_6p0,managed,45.0,runner_rsi90_10_plus_ema100_200,152,35675.84013142857,1.561047888264293,43.42105263157895,38.19993688163606,103,49,12228.973159999985,23446.86697142859,1.2763496231120695,2.2125984555312077,0.9362488324191383,,,,,,,oneh_width_balanced,1h w2.25/r2.75/lb35 + 1h SL2.0/TP6.0,153,-1,28306.67416694932,7369.165964479253,1.7416329363084937,-0.1805850480442006,39.21568627450981,4.2053663570691455,19.87281940555731,18.327117476078755,1.796749080517693,-0.5203994574056237,1.6440094260431104,0.5685890294880973,0.1527396544745827,0.7835091779445555,0.9934640522875817,False,True,False,True,False,False,-63.01375735098943
phase3b_perf_current_base_stability_1h_2p5_10_adx40_runner_no_signal_fee04,perf_current_base_stability_1h_2p5_10,managed,40.0,runner_no_signal,12,-2178.587399999997,0.0,0.0,21.78587399999997,8,4,-1597.797399999998,-580.789999999999,0.0,0.0,0.0,,,,,,,performance_only,base w11/r12/lb20 + 1h SL2.5/TP10,161,-149,80115.6080782919,-82294.1954782919,1.962022042423544,-1.962022042423544,34.78260869565217,-34.78260869565217,25.058822543257474,-3.2729485432575025,2.100823630561277,-2.100823630561277,1.8151340561004443,-1.8151340561004443,0.28568957446083276,-0.28568957446083276,0.07453416149068323,False,False,True,False,True,False,-278.4963997206463
phase3b_perf_current_base_stability_1h_2p5_10_adx40_runner_rsi85_15_fee04,perf_current_base_stability_1h_2p5_10,managed,40.0,runner_rsi85_15,193,37734.9423842857,1.5355330889154903,53.36787564766839,37.202924026917586,110,83,19644.184679999977,18090.757704285723,1.4518484738888575,1.6703450634499803,0.21849658956112283,,,,,,,performance_only,base w11/r12/lb20 + 1h SL2.5/TP10,161,32,80115.6080782919,-42380.6656940062,1.962022042423544,-0.4264889535080536,34.78260869565217,18.58526695201622,25.058822543257474,12.144101483660112,2.100823630561277,-0.6489751566724196,1.8151340561004443,-0.14478899265046397,0.28568957446083276,-0.06719298489970993,1.1987577639751552,False,False,True,True,True,False,-109.31776401213179
phase3b_perf_current_base_stability_1h_2p5_10_adx40_runner_rsi90_10_fee04,perf_current_base_stability_1h_2p5_10,managed,40.0,runner_rsi90_10,185,42625.21591285703,1.4946134957725863,45.40540540540541,22.702506055446705,104,81,21067.98790999994,21557.22800285709,1.4272709096372507,1.5846730238703592,0.15740211423310857,,,,,,,performance_only,base w11/r12/lb20 + 1h SL2.5/TP10,161,24,80115.6080782919,-37490.392165434874,1.962022042423544,-0.46740854665095766,34.78260869565217,10.622796709753239,25.058822543257474,-2.356316487810769,2.100823630561277,-0.6735527209240264,1.8151340561004443,-0.23046103223008507,0.28568957446083276,-0.1282874602277242,1.1490683229813665,False,False,True,True,True,False,-84.23124683053064
phase3b_perf_current_base_stability_1h_2p5_10_adx40_runner_ema100_200_fee04,perf_current_base_stability_1h_2p5_10,managed,40.0,runner_ema100_200,177,17745.65280999996,1.2621804906265557,41.24293785310734,76.17954899489345,97,80,6333.334979999967,11412.317829999995,1.1621199433033795,1.3987652955273575,0.23664535222397798,,,,,,,performance_only,base w11/r12/lb20 + 1h SL2.5/TP10,161,16,80115.6080782919,-62369.955268291946,1.962022042423544,-0.6998415517969883,34.78260869565217,6.4603291574551704,25.058822543257474,51.120726451635974,2.100823630561277,-0.9387036872578975,1.8151340561004443,-0.4163687605730868,0.28568957446083276,-0.049044222236854784,1.0993788819875776,False,False,True,True,False,False,-234.5955633512627
phase3b_perf_current_base_stability_1h_2p5_10_adx40_runner_rsi85_15_plus_ema100_200_fee04,perf_current_base_stability_1h_2p5_10,managed,40.0,runner_rsi85_15_plus_ema100_200,193,25060.14304999999,1.3880384277588063,48.704663212435236,41.4712813082295,110,83,9995.988359999983,15064.154690000008,1.249739936876423,1.6134609800200213,0.3637210431435982,,,,,,,performance_only,base w11/r12/lb20 + 1h SL2.5/TP10,161,32,80115.6080782919,-55055.46502829191,1.962022042423544,-0.5739836146647377,34.78260869565217,13.922054516783064,25.058822543257474,16.412458764972026,2.100823630561277,-0.851083693684854,1.8151340561004443,-0.20167307608042306,0.28568957446083276,0.07803146868276545,1.1987577639751552,False,False,False,True,False,False,-146.83937339836504
phase3b_perf_current_base_stability_1h_2p5_10_adx40_runner_rsi90_10_plus_ema100_200_fee04,perf_current_base_stability_1h_2p5_10,managed,40.0,runner_rsi90_10_plus_ema100_200,187,14310.851459999956,1.2107683209264533,44.38502673796791,65.70961112820623,105,82,2516.355639999969,11794.495819999987,1.0618697203709788,1.4331967475691991,0.3713270271982203,,,,,,,performance_only,base w11/r12/lb20 + 1h SL2.5/TP10,161,26,80115.6080782919,-65804.75661829194,1.962022042423544,-0.7512537214970907,34.78260869565217,9.60241804231574,25.058822543257474,40.65078858494876,2.100823630561277,-1.0389539101902983,1.8151340561004443,-0.3819373085312452,0.28568957446083276,0.08563745273738754,1.1614906832298137,False,False,False,True,False,False,-223.94445499264626
phase3b_perf_current_base_stability_1h_2p5_10_adx45_runner_no_signal_fee04,perf_current_base_stability_1h_2p5_10,managed,45.0,runner_no_signal,12,-2178.587399999997,0.0,0.0,21.78587399999997,8,4,-1597.797399999998,-580.789999999999,0.0,0.0,0.0,,,,,,,performance_only,base w11/r12/lb20 + 1h SL2.5/TP10,161,-149,80115.6080782919,-82294.1954782919,1.962022042423544,-1.962022042423544,34.78260869565217,-34.78260869565217,25.058822543257474,-3.2729485432575025,2.100823630561277,-2.100823630561277,1.8151340561004443,-1.8151340561004443,0.28568957446083276,-0.28568957446083276,0.07453416149068323,False,False,True,False,True,False,-278.4963997206463
phase3b_perf_current_base_stability_1h_2p5_10_adx45_runner_rsi85_15_fee04,perf_current_base_stability_1h_2p5_10,managed,45.0,runner_rsi85_15,192,34852.599254285684,1.4292677571270787,48.4375,25.713770979930437,109,83,18493.383889999965,16359.215364285721,1.3698197989318026,1.5245970962483215,0.1547772973165189,,,,,,,performance_only,base w11/r12/lb20 + 1h SL2.5/TP10,161,31,80115.6080782919,-45263.00882400622,1.962022042423544,-0.5327542852964653,34.78260869565217,13.654891304347828,25.058822543257474,0.6549484366729637,2.100823630561277,-0.7310038316294745,1.8151340561004443,-0.2905369598521228,0.28568957446083276,-0.13091227714431386,1.1925465838509317,False,False,True,True,True,False,-99.84833422699867
phase3b_perf_current_base_stability_1h_2p5_10_adx45_runner_rsi90_10_fee04,perf_current_base_stability_1h_2p5_10,managed,45.0,runner_rsi90_10,185,59153.75929285704,1.6421898705449658,42.7027027027027,30.362109445474516,104,81,23774.729779999943,35379.029512857094,1.4733592378070426,1.8446299764561411,0.37127073864909854,,,,,,,performance_only,base w11/r12/lb20 + 1h SL2.5/TP10,161,24,80115.6080782919,-20961.848785434864,1.962022042423544,-0.31983217187857815,34.78260869565217,7.92009400705053,25.058822543257474,5.303286902217042,2.100823630561277,-0.6274643927542345,1.8151340561004443,0.029495920355696814,0.28568957446083276,0.08558116418826578,1.1490683229813665,False,False,False,True,True,False,-65.26326306149208
phase3b_perf_current_base_stability_1h_2p5_10_adx45_runner_ema100_200_fee04,perf_current_base_stability_1h_2p5_10,managed,45.0,runner_ema100_200,176,45095.86918428569,1.599873181190693,42.04545454545455,26.986774973011784,97,79,17473.67706000001,27622.192124285684,1.395434125307327,1.891409975869788,0.49597585056246096,,,,,,,performance_only,base w11/r12/lb20 + 1h SL2.5/TP10,161,15,80115.6080782919,-35019.73889400621,1.962022042423544,-0.36214886123285095,34.78260869565217,7.262845849802375,25.058822543257474,1.9279524297543098,2.100823630561277,-0.70538950525395,1.8151340561004443,0.07627591976934367,0.28568957446083276,0.2102862761016282,1.093167701863354,False,False,False,True,True,False,-79.2962553988325
phase3b_perf_current_base_stability_1h_2p5_10_adx45_runner_rsi85_15_plus_ema100_200_fee04,perf_current_base_stability_1h_2p5_10,managed,45.0,runner_rsi85_15_plus_ema100_200,192,22623.11142428573,1.2926247007014604,45.83333333333333,29.67467611397644,109,83,10593.552230000012,12029.559194285715,1.2234128492168546,1.4024061041662632,0.17899325494940865,,,,,,,performance_only,base w11/r12/lb20 + 1h SL2.5/TP10,161,31,80115.6080782919,-57492.49665400617,1.962022042423544,-0.6693973417220835,34.78260869565217,11.050724637681157,25.058822543257474,4.615853570718965,2.100823630561277,-0.8774107813444225,1.8151340561004443,-0.4127279519341811,0.28568957446083276,-0.10669631951142411,1.1925465838509317,False,False,True,True,True,False,-133.66393796765246
phase3b_perf_current_base_stability_1h_2p5_10_adx45_runner_rsi90_10_plus_ema100_200_fee04,perf_current_base_stability_1h_2p5_10,managed,45.0,runner_rsi90_10_plus_ema100_200,186,42698.58936428568,1.5545395548776444,43.54838709677419,23.637061947402916,105,81,8929.589319999997,33769.00004428569,1.1953923091413778,2.078969608484563,0.8835772993431852,,,,,,,performance_only,base w11/r12/lb20 + 1h SL2.5/TP10,161,25,80115.6080782919,-37417.01871400622,1.962022042423544,-0.40748248754589955,34.78260869565217,8.76577840112202,25.058822543257474,-1.4217605958545576,2.100823630561277,-0.9054313214198992,1.8151340561004443,0.2638355523841187,0.28568957446083276,0.5978877248823524,1.15527950310559,False,False,False,True,True,False,-90.12302196624321
phase3b_perf_current_base_sharp_1h_2p5_10_adx40_runner_no_signal_fee04,perf_current_base_sharp_1h_2p5_10,managed,40.0,runner_no_signal,12,-2178.587399999997,0.0,0.0,21.78587399999997,8,4,-1597.797399999998,-580.789999999999,0.0,0.0,0.0,,,,,,,performance_only,base w11/r12/lb10 + 1h SL2.5/TP10,159,-147,78222.32516887976,-80400.91256887976,1.9443639219290159,-1.9443639219290159,34.59119496855346,-34.59119496855346,25.058822543257474,-3.2729485432575025,2.074849301761905,-2.074849301761905,1.8080906971674544,-1.8080906971674544,0.2667586045944508,-0.2667586045944508,0.07547169811320754,False,False,True,False,True,False,-274.83730476178135
phase3b_perf_current_base_sharp_1h_2p5_10_adx40_runner_rsi85_15_fee04,perf_current_base_sharp_1h_2p5_10,managed,40.0,runner_rsi85_15,190,38336.0295542857,1.5537671037470082,53.68421052631579,37.893245961263425,107,83,20245.271849999972,18090.757704285723,1.479286026949064,1.6703450634499803,0.19105903650091638,,,,,,,performance_only,base w11/r12/lb10 + 1h SL2.5/TP10,159,31,78222.32516887976,-39886.29561459406,1.9443639219290159,-0.39059681818200764,34.59119496855346,19.093015557762328,25.058822543257474,12.83442341800595,2.074849301761905,-0.5955632748128412,1.8080906971674544,-0.13774563371747406,0.2667586045944508,-0.0756995680935344,1.1949685534591195,False,False,True,True,True,False,-104.61482426880673
phase3b_perf_current_base_sharp_1h_2p5_10_adx40_runner_rsi90_10_fee04,perf_current_base_sharp_1h_2p5_10,managed,40.0,runner_rsi90_10,182,44237.302092857026,1.524986903657061,46.15384615384615,22.291919402055637,101,81,22680.074089999936,21557.22800285709,1.4785526504856954,1.5846730238703592,0.10612037338466385,,,,,,,performance_only,base w11/r12/lb10 + 1h SL2.5/TP10,159,23,78222.32516887976,-33985.023076022735,1.9443639219290159,-0.41937701827195495,34.59119496855346,11.562651185292694,25.058822543257474,-2.766903141201837,2.074849301761905,-0.5962966512762098,1.8080906971674544,-0.22341767329709517,0.2667586045944508,-0.16063823120978693,1.1446540880503144,False,False,True,True,True,False,-75.92272490321824
phase3b_perf_current_base_sharp_1h_2p5_10_adx40_runner_ema100_200_fee04,perf_current_base_sharp_1h_2p5_10,managed,40.0,runner_ema100_200,174,18835.244499999968,1.2841247728759653,41.95402298850575,77.91076990179289,94,80,7422.9266699999735,11412.317829999995,1.1970355964715038,1.3987652955273575,0.2017296990558537,,,,,,,performance_only,base w11/r12/lb10 + 1h SL2.5/TP10,159,15,78222.32516887976,-59387.08066887979,1.9443639219290159,-0.6602391490530506,34.59119496855346,7.362828019952289,25.058822543257474,52.85194735853541,2.074849301761905,-0.8778137052904014,1.8080906971674544,-0.4093254016400969,0.2667586045944508,-0.06502890553859708,1.0943396226415094,False,False,True,True,False,False,-231.11489029125568
phase3b_perf_current_base_sharp_1h_2p5_10_adx40_runner_rsi85_15_plus_ema100_200_fee04,perf_current_base_sharp_1h_2p5_10,managed,40.0,runner_rsi85_15_plus_ema100_200,190,26149.73474,1.4138343841346943,49.473684210526315,42.37229888394618,107,83,11085.580049999991,15064.154690000008,1.2869467881598453,1.6134609800200213,0.32651419186017594,,,,,,,performance_only,base w11/r12/lb10 + 1h SL2.5/TP10,159,31,78222.32516887976,-52072.59042887976,1.9443639219290159,-0.5305295377943215,34.59119496855346,14.882489241972856,25.058822543257474,17.313476340688705,2.074849301761905,-0.7879025136020599,1.8080906971674544,-0.19462971714743316,0.2667586045944508,0.05975558726572516,1.1949685534591195,False,False,False,True,False,False,-140.94760863500383
phase3b_perf_current_base_sharp_1h_2p5_10_adx40_runner_rsi90_10_plus_ema100_200_fee04,perf_current_base_sharp_1h_2p5_10,managed,40.0,runner_rsi90_10_plus_ema100_200,184,15400.443149999963,1.2315654822484248,45.108695652173914,67.216106064614,102,82,3605.9473299999754,11794.495819999987,1.0918031328946758,1.4331967475691991,0.34139361467452334,,,,,,,performance_only,base w11/r12/lb10 + 1h SL2.5/TP10,159,25,78222.32516887976,-62821.8820188798,1.9443639219290159,-0.7127984396805911,34.59119496855346,10.517500683620455,25.058822543257474,42.15728352135652,2.074849301761905,-0.9830461688672294,1.8080906971674544,-0.3748939495982553,0.2667586045944508,0.07463501008007256,1.1572327044025157,False,False,False,True,False,False,-219.9089932312534
phase3b_perf_current_base_sharp_1h_2p5_10_adx45_runner_no_signal_fee04,perf_current_base_sharp_1h_2p5_10,managed,45.0,runner_no_signal,12,-2178.587399999997,0.0,0.0,21.78587399999997,8,4,-1597.797399999998,-580.789999999999,0.0,0.0,0.0,,,,,,,performance_only,base w11/r12/lb10 + 1h SL2.5/TP10,159,-147,78222.32516887976,-80400.91256887976,1.9443639219290159,-1.9443639219290159,34.59119496855346,-34.59119496855346,25.058822543257474,-3.2729485432575025,2.074849301761905,-2.074849301761905,1.8080906971674544,-1.8080906971674544,0.2667586045944508,-0.2667586045944508,0.07547169811320754,False,False,True,False,True,False,-274.83730476178135
phase3b_perf_current_base_sharp_1h_2p5_10_adx45_runner_rsi85_15_fee04,perf_current_base_sharp_1h_2p5_10,managed,45.0,runner_rsi85_15,189,35365.12186428569,1.4423065425478079,48.67724867724868,22.538799147275768,106,83,19005.90649999997,16359.215364285721,1.3896905403396835,1.5245970962483215,0.13490655590863798,,,,,,,performance_only,base w11/r12/lb10 + 1h SL2.5/TP10,159,30,78222.32516887976,-42857.20330459407,1.9443639219290159,-0.502057379381208,34.59119496855346,14.086053708695218,25.058822543257474,-2.520023395981706,2.074849301761905,-0.6851587614222217,1.8080906971674544,-0.2834936009191329,0.2667586045944508,-0.1318520486858128,1.1886792452830188,False,False,True,True,True,False,-93.06294124271487
phase3b_perf_current_base_sharp_1h_2p5_10_adx45_runner_rsi90_10_fee04,perf_current_base_sharp_1h_2p5_10,managed,45.0,runner_rsi90_10,182,60765.845472857036,1.6736986961061835,43.40659340659341,30.77961089896496,101,81,25386.815959999938,35379.029512857094,1.5254943906607765,1.8446299764561411,0.3191355857953646,,,,,,,performance_only,base w11/r12/lb10 + 1h SL2.5/TP10,159,23,78222.32516887976,-17456.479696022725,1.9443639219290159,-0.27066522582283237,34.59119496855346,8.81539843803995,25.058822543257474,5.720788355707487,2.074849301761905,-0.5493549111011287,1.8080906971674544,0.03653927928868672,0.2667586045944508,0.05237698120091383,1.1446540880503144,False,False,False,True,True,False,-57.01211861373922
phase3b_perf_current_base_sharp_1h_2p5_10_adx45_runner_ema100_200_fee04,perf_current_base_sharp_1h_2p5_10,managed,45.0,runner_ema100_200,173,46332.70195428569,1.6292150540024883,42.77456647398844,23.40883765414352,94,79,18710.509830000006,27622.192124285684,1.4387129549388673,1.891409975869788,0.4526970209309207,,,,,,,performance_only,base w11/r12/lb10 + 1h SL2.5/TP10,159,14,78222.32516887976,-31889.623214594074,1.9443639219290159,-0.3151488679265275,34.59119496855346,8.183371505434984,25.058822543257474,-1.6499848891139521,2.074849301761905,-0.6361363468230379,1.8080906971674544,0.08331927870233358,0.2667586045944508,0.1859384163364699,1.0880503144654088,False,False,False,True,True,False,-67.12327833397623
phase3b_perf_current_base_sharp_1h_2p5_10_adx45_runner_rsi85_15_plus_ema100_200_fee04,perf_current_base_sharp_1h_2p5_10,managed,45.0,runner_rsi85_15_plus_ema100_200,189,23859.944194285723,1.3148952273119001,46.56084656084656,26.563037875399342,106,83,11830.385000000007,12029.559194285715,1.2578719240706075,1.4024061041662632,0.14453418009565566,,,,,,,performance_only,base w11/r12/lb10 + 1h SL2.5/TP10,159,30,78222.32516887976,-54362.38097459404,1.9443639219290159,-0.6294686946171157,34.59119496855346,11.969651592293097,25.058822543257474,1.504215332141868,2.074849301761905,-0.8169773776912976,1.8080906971674544,-0.4056845930011912,0.2667586045944508,-0.12222442449879511,1.1886792452830188,False,False,True,True,True,False,-120.31768110058934
phase3b_perf_current_base_sharp_1h_2p5_10_adx45_runner_rsi90_10_plus_ema100_200_fee04,perf_current_base_sharp_1h_2p5_10,managed,45.0,runner_rsi90_10_plus_ema100_200,183,43935.422134285676,1.5822475414794162,44.26229508196721,20.028601602482745,102,81,10166.422089999991,33769.00004428569,1.2302133615511657,2.078969608484563,0.8487562469333974,,,,,,,performance_only,base w11/r12/lb10 + 1h SL2.5/TP10,159,24,78222.32516887976,-34286.903034594085,1.9443639219290159,-0.3621163804495997,34.59119496855346,9.67110011341375,25.058822543257474,-5.030220940774729,2.074849301761905,-0.8446359402107395,1.8080906971674544,0.2708789113171086,0.2667586045944508,0.5819976423389466,1.150943396226415,False,False,False,True,True,False,-82.13849392633298
